No,length,Go,Naive,RK,BM,KMP
1,1,36.07200000000004,134.58800000000016,106.76599999999996,349.2690000000002,131.26600000000008
2,2,329.88,2296.8580000000006,1291.5670000000005,25773.373999999993,2143.6720000000028
3,3,2563.178999999997,10781.505999999994,5331.167000000001,121471.32499999997,9506.507999999985
4,4,6631.679000000006,24730.49399999999,11482.646999999984,248543.4269999999,22835.075999999994
5,5,10828.81900000001,42233.742,18422.009999999973,374130.9650000006,39561.18000000003
6,6,15573.087999999987,61042.18900000003,25877.480000000007,493742.99999999977,56967.986
7,7,19531.12099999999,77681.07699999995,31582.996000000036,567452.9710000003,73652.84300000004
8,8,22840.31899999998,89420.58,36961.74999999995,621930.1219999999,82948.72900000006
9,9,24546.486999999972,97863.29799999995,40175.08899999992,635929.8339999994,91795.65499999993
10,10,26421.223000000005,107885.75000000001,41853.65800000002,629780.4579999996,102615.70400000001
11,11,29959.71799999997,113944.65399999998,44412.19200000003,635523.5170000003,108594.83099999999
12,12,30832.172000000013,119843.47600000002,45568.13800000004,614925.0329999999,114326.86700000009
13,13,31342.361000000008,116464.16099999993,46355.18200000013,597817.1199999999,109183.50499999995
14,14,30678.452999999987,115983.06400000006,45311.787,558292.4379999997,109546.36699999997
15,15,31826.878,122646.92800000003,47388.368,546006.7519999992,116473.01400000007
16,16,34500.731999999975,121987.40599999993,47413.366000000016,524910.308,114842.301
17,17,33827.83400000001,122278.71400000012,47673.066999999966,496951.2039999999,115773.18099999998
18,18,34719.20000000001,123721.44099999983,47248.85999999998,467397.5490000001,117693.28999999975
19,19,32852.766,124978.31300000001,47245.907,462399.0929999998,118288.31799999994
20,20,34471.805000000015,123011.132,47532.38000000001,433618.9320000001,116603.78299999997
21,21,34203.67800000003,123988.63100000008,46614.07999999998,417784.89599999995,118353.67100000012
22,22,36131.664999999964,129413.92499999997,48131.763000000035,413986.84800000035,123713.185
23,23,34694.882000000034,125613.63599999985,48219.726000000046,396837.5940000006,118332.47399999993
24,24,33824.94800000001,121009.17800000007,46162.04999999996,367773.22,113658.69900000002
25,25,33830.345000000016,122940.47299999995,47811.89499999998,366745.7420000001,115889.63899999998
26,26,34578.753999999964,125727.01600000006,47815.85599999995,356492.9190000003,119975.19400000015
27,27,33807.04499999998,120618.89700000001,46245.698000000026,331655.1120000001,114504.14100000003
28,28,34433.066000000035,122572.38399999992,47020.23599999998,325524.1050000004,116529.95699999998
29,29,34951.34499999999,127925.35399999986,48710.09999999995,328694.0980000002,122026.871
30,30,33687.29000000002,117342.79999999999,45837.018999999986,307577.9049999997,110483.63199999987
31,31,35054.99899999997,122024.51299999986,45346.822999999924,299506.7740000001,116178.45700000021
32,32,34898.79700000008,129364.15699999989,47344.401,296266.44200000004,123947.30100000008
33,33,34649.54400000002,125118.23700000011,47024.33799999997,291789.20600000035,119076.79599999996
34,34,34192.950000000026,122633.93799999986,46248.13799999994,274731.49900000007,116360.37799999997
35,35,33617.67799999997,121796.69800000003,46199.343999999954,270254.5959999997,114758.61000000003
36,36,34780.51200000004,126780.97399999997,47279.38900000011,267390.37700000015,120557.69099999993
37,37,35547.46800000005,127270.26499999981,47628.66200000006,264866.00599999994,121255.42299999995
38,38,35197.50200000005,126004.19099999992,47618.070999999996,259268.45700000002,119346.90599999994
39,39,36708.12700000001,124554.44499999996,46519.592,246920.23099999985,118054.92900000005
40,40,36209.955,124502.74799999998,46294.09099999997,245022.24200000003,118199.78299999997
41,41,35649.25699999995,123189.46600000006,46930.21599999999,247718.1790000001,115804.78399999997
42,42,34081.52999999993,123741.66299999981,46683.89200000006,240179.41900000017,117232.07999999999
43,43,33663.535999999986,118931.39399999994,44899.47099999999,223486.95500000002,111672.92800000004
44,44,34201.326000000045,122310.02500000013,45933.88500000002,225462.53800000015,116285.06700000011
45,45,34085.19699999999,119956.22500000002,45398.15200000004,220149.47399999996,114288.60799999989
46,46,37862.68900000001,128158.08999999982,48291.694,224249.0060000001,122429.29400000005
47,47,36984.58999999997,126423.72099999999,47593.43900000001,223220.58800000005,119711.18599999997
48,48,35307.04399999996,124581.84299999996,45541.51300000008,212135.7000000001,119730.399
49,49,33976.86600000004,120231.82099999994,45460.74500000005,201440.54400000002,113942.311
50,50,35184.45200000006,123705.77199999994,46261.79299999994,209372.85999999987,117522.24699999989
51,51,34765.532,123618.39099999989,45715.711,201031.61799999987,116532.89500000006
52,52,33271.46299999991,121008.63800000014,44686.61899999995,191853.13500000015,114838.29500000001
53,53,36066.00599999998,121790.80199999998,46194.414999999986,198330.13300000006,114932.9599999999
54,54,36595.96100000002,128749.94300000006,47668.144,200687.62399999998,122080.62200000015
55,55,33962.07100000001,124005.137,46251.13799999999,190541.24600000013,118063.87199999999
56,56,32673.028000000002,118762.11500000018,44622.68100000004,182049.30599999972,113120.7509999999
57,57,35146.481,123480.717,45771.67500000002,188179.79299999977,117681.04499999995
58,58,34816.66900000002,123854.763,45209.239999999954,181153.00499999995,119452.09900000003
59,59,33219.84400000003,118150.68200000004,45650.434999999976,180739.3829999998,110736.6189999999
60,60,33445.43099999998,121154.42800000006,44971.60300000008,177503.03099999976,114256.54500000006
61,61,36238.21300000005,127030.96100000004,46803.07399999997,180711.70300000015,121046.36599999995
62,62,35100.33499999999,122739.75699999998,46296.740000000034,172886.26400000005,116905.71099999988
63,63,35565.83899999998,122528.77300000002,46076.44500000003,173257.2289999997,116957.86399999996
64,64,53739.774,122504.68100000011,49465.65700000003,176086.00399999975,118906.72199999995
65,65,52493.827999999994,120667.15000000005,47495.226999999955,171246.97600000014,117819.41900000002
66,66,51421.58700000003,117874.84999999993,45832.663000000015,164369.7400000001,115237.29299999993
67,67,52075.93100000001,115150.00700000006,44560.557,159750.78100000005,112812.21200000001
68,68,51377.70499999999,120751.43499999991,48095.66700000006,170049.37700000004,116669.66799999989
69,69,49870.32099999994,117098.54199999994,45985.50100000001,161363.81600000017,112940.55000000009
70,70,54163.14999999994,121757.732,46127.71300000003,160353.66800000012,119729.365
71,71,51591.361000000026,119289.386,47101.717999999935,160954.86100000006,115664.36899999974
72,72,52394.76300000005,120868.14000000003,46945.389999999985,160122.28599999988,118351.75200000001
73,73,50907.814000000086,118132.05100000006,46200.826999999954,155018.29699999987,115006.24400000005
74,74,50613.86400000001,115145.9069999999,44932.87199999995,151117.352,111671.85200000004
75,75,53145.56199999996,120430.53200000005,45940.14099999998,153909.68200000018,118552.669
76,76,52273.87100000008,118660.83300000004,45564.416000000034,151089.22800000006,116039.65700000008
77,77,54433.00399999996,119845.72199999994,45824.00099999997,149910.11999999994,117488.35800000015
78,78,52910.83600000006,120451.8270000001,46478.73900000002,151063.54599999991,117942.593
79,79,51158.156999999934,118392.63500000005,45253.01600000005,146121.9419999999,115951.68699999986
80,80,52348.41899999996,117740.55499999996,46695.502,149151.198,115104.94099999993
81,81,51552.628000000084,118597.32700000003,45961.62000000002,144399.03600000005,116030.05600000011
82,82,50351.94399999997,118010.33699999988,45604.801,143777.68200000018,114926.91099999995
83,83,54584.35499999995,122595.27699999994,46876.52900000003,148394.6749999999,120246.2029999999
84,84,51911.994000000006,118283.99999999997,45681.820999999974,142560.31299999997,116694.31399999994
85,85,52345.96499999998,117823.83399999996,46280.50099999999,142879.0419999999,115417.919
86,86,49391.85399999994,115728.64399999994,44371.13599999993,136694.15,113176.00099999993
87,87,51872.05399999997,117040.84999999996,45080.17199999998,137751.839,114789.19900000012
88,88,54009.79499999999,121721.99500000007,46430.70599999997,139428.07399999973,119949.81699999991
89,89,53757.17299999995,122925.18300000014,46876.642000000014,140651.25699999995,121808.45900000008
90,90,53313.11399999994,120336.23500000016,46193.17499999999,136661.98199999996,118520.51999999996
91,91,51990.62400000002,117708.65799999998,45212.54200000007,134292.1590000001,115482.0529999999
92,92,52241.144,120343.27400000003,46009.617,135298.76300000006,118213.24699999999
93,93,53101.721000000005,124149.71200000006,47365.46999999996,138768.58600000007,120522.74299999984
94,94,50796.09500000006,118096.59400000007,45897.20299999993,135992.4610000001,115054.66700000006
95,95,53507.53099999996,120346.59699999986,46089.79600000007,135318.18100000024,118064.88099999998
96,96,52532.83400000012,120468.84699999994,47039.752999999975,136838.16100000008,117611.59000000004
97,97,53263.424000000006,123404.96900000011,48143.031000000046,138863.30299999975,120086.049
98,98,51983.148999999925,117164.04200000019,45237.28699999998,131884.56900000002,114128.07600000002
99,99,55665.67499999998,125105.01900000006,47699.363000000005,135308.14800000007,122291.12499999996
100,100,52367.04000000002,119599.57700000008,46224.23200000002,129853.21999999997,117701.89699999991
101,101,51999.061000000074,118669.55999999998,46435.945000000014,131545.52599999987,115963.13900000002
102,102,51670.132000000034,120870.25200000004,47360.453000000074,133529.7579999998,117716.49100000008
103,103,53248.47700000001,121283.89499999999,47178.62699999998,131602.89599999963,117398.16499999998
104,104,52561.222999999976,119940.18999999999,46355.76500000002,128625.49800000004,117672.88499999992
105,105,52348.028,118697.86600000011,46439.64700000002,128869.31799999991,116060.45199999993
106,106,50166.128999999986,116717.60899999987,44660.188000000024,122815.00300000013,114755.8330000001
107,107,52623.84099999992,119436.094,45428.29599999991,122735.68600000005,117762.44400000005
108,108,52148.36600000002,119383.45600000005,45368.19500000001,124586.8350000001,117520.09099999987
109,109,52229.645999999986,121695.27599999994,46427.00600000003,126210.86599999994,119633.36500000002
110,110,52776.43399999996,120129.13600000013,45682.10400000003,123871.24100000005,117631.91999999994
111,111,52462.21299999998,118625.62000000008,45186.684999999976,122870.58300000007,116627.5880000001
112,112,53435.55900000002,121516.93600000002,46925.356000000014,123998.77599999995,119192.94400000003
113,113,49706.131,116477.76699999986,45152.55900000005,119702.11300000006,114015.93100000011
114,114,55574.072,123579.68899999995,46446.44099999991,123576.22800000002,121840.882
115,115,50904.875000000015,116875.01700000012,45514.75100000006,120418.15199999987,113497.37000000001
116,116,51962.74999999995,120093.09000000001,46457.397000000004,122910.54399999997,117699.97800000005
117,117,53557.08800000004,122690.36300000016,47182.625999999924,123416.38100000007,120661.91700000003
118,118,52243.19900000001,118534.56799999996,45194.22600000001,117001.12199999994,117197.56500000009
119,119,52302.71299999999,120443.91799999995,47139.87100000003,123140.88600000001,117817.7779999999
120,120,53412.45600000002,123066.603,47170.193,121273.83099999992,120803.24499999997
121,121,51832.74900000001,120540.41299999994,47380.904999999955,123064.75199999982,117663.1170000001
122,122,52812.20699999998,120202.8440000001,45796.88300000002,117329.71699999996,117815.79299999996
123,123,54943.37900000002,124518.87799999998,47582.91499999999,120628.5750000001,121999.24799999998
124,124,56199.541,124037.18799999995,46749.16499999995,118984.45700000005,123049.47000000002
125,125,52952.55100000002,120946.98899999999,46306.895,120151.06800000001,118179.47000000002
126,126,52204.67400000002,121081.29100000001,47137.41000000003,120626.362,117726.64699999995
127,127,51241.29000000005,120451.03100000008,46885.912,116729.60199999997,118096.15799999994
128,128,50741.387999999955,119098.16499999996,46540.458,115940.96200000004,115860.89500000014
129,129,56047.46300000003,124321.08200000001,47511.17000000003,120575.95500000002,122074.84500000006
130,130,51732.41199999998,119261.64699999997,45179.545000000006,113434.24500000008,116988.792
131,131,53426.556000000004,122531.75899999993,46940.91500000001,117582.9479999998,120270.11699999997
132,132,52233.37700000002,118153.86300000001,45291.99699999995,113326.89299999997,116402.98600000003
133,133,52539.47599999999,120225.89399999991,46717.594999999936,116344.17899999984,117518.99
134,134,54343.87699999998,122200.98599999999,47114.25799999998,116206.64199999996,119443.553
135,135,55125.72800000002,125046.41500000007,47869.93100000002,118122.23100000017,122208.80299999999
136,136,52128.43299999999,122464.00199999996,46775.82099999997,113460.11099999999,119919.5999999998
137,137,55950.31899999998,124880.66500000011,47488.07499999993,116675.9110000001,122822.18100000003
138,138,54624.669000000045,122064.82200000012,47069.349,115186.39200000002,119142.73200000008
139,139,55977.09800000003,124340.86400000003,47766.42800000003,116353.82799999996,122248.99399999986
140,140,51955.94199999993,120232.77600000009,46578.63900000001,113795.57400000005,117351.13299999997
141,141,53124.08199999996,119845.65300000006,45888.81299999994,112096.47100000002,117314.263
142,142,54471.79399999997,121846.86899999996,46864.51100000001,114059.89899999996,119310.04600000009
143,143,54275.21099999999,123024.20800000004,47536.33700000003,115170.00199999982,120574.63100000007
144,144,50065.15599999996,117671.62999999996,46245.11300000006,111366.80199999998,114798.07200000007
145,145,50665.44199999997,117915.02199999997,45606.93299999998,109721.00199999993,114855.27299999997
146,146,54525.52600000004,124741.42600000011,47684.46,113774.72200000011,122681.55799999998
147,147,52543.00900000002,121856.15499999988,46241.99099999997,110415.8300000001,119440.90099999982
148,148,52339.92899999995,119733.608,46192.291999999965,109378.31899999986,117217.518
149,149,57344.062999999966,127981.11800000005,47446.1379999999,112333.546,126568.50799999994
150,150,53387.94800000003,122592.1369999999,47196.80499999992,112500.16599999978,120109.77200000003
151,151,52277.908,119187.501,46218.48799999999,110184.83600000004,116679.02599999994
152,152,51279.05100000004,117729.47800000002,44807.15000000006,105654.71000000004,115024.688
153,153,52698.13699999998,119219.66799999999,46180.808999999965,108844.50099999999,115830.5829999999
154,154,54273.614999999954,120582.30299999988,45989.299000000006,107643.20699999995,118934.38700000009
155,155,56429.984000000004,125720.48899999999,46760.94999999997,110615.87700000005,124065.05600000004
156,156,51549.11500000002,120385.37799999995,46199.414000000026,109378.58899999989,116693.899
157,157,54914.64,124130.255,47411.162999999964,108913.26800000001,122087.84899999987
158,158,53725.24299999998,122870.05899999979,46906.502000000015,109913.73699999996,119805.92599999998
159,159,53980.65200000007,122164.19800000003,46193.455000000016,107081.54999999996,120203.72300000003
160,160,53211.12099999996,121691.76599999996,46669.33200000004,108718.85299999997,119808.96600000003
161,161,54318.129999999954,123147.39899999996,47785.21800000008,111274.16900000007,120287.20499999993
162,162,51494.23599999994,120717.7739999999,46794.688999999926,107507.42700000008,117650.33799999999
163,163,51657.10399999993,122558.24900000003,47930.63100000005,110945.22199999998,118918.96400000008
164,164,51771.67999999997,118264.96099999995,46073.33099999994,105808.45399999984,115047.31199999983
165,165,54734.68799999988,122745.76500000004,47610.778999999995,108039.20000000008,119979.263
166,166,52178.101999999984,122861.056,47335.28999999998,106876.27999999998,119394.64699999991
167,167,53714.67700000005,122764.0789999999,47210.80700000005,106865.11100000006,120576.26599999996
168,168,53502.06400000001,124009.35700000003,47061.62000000008,107580.51199999997,121669.54
169,169,52134.113000000005,119714.41100000008,46394.05599999999,106260.01199999999,116451.17399999996
170,170,53691.85999999995,122806.9009999999,47203.59799999994,107234.98799999991,121096.874
171,171,54131.32199999993,123184.52099999998,46349.232,103861.11099999992,121380.91000000006
172,172,54104.74699999997,124035.79899999994,46848.794,105589.34299999996,121776.45600000012
173,173,55039.704999999994,126513.55699999993,47655.24899999993,107183.726,124554.93300000002
174,174,53529.27599999999,125189.89799999984,48213.467000000026,107200.84500000002,121960.49200000011
175,175,52007.57500000004,119292.77600000001,45946.26500000006,103117.46200000007,116663.98800000008
176,176,53613.61099999999,122029.87000000002,46781.275000000045,103988.19599999997,119186.24799999998
177,177,57692.12300000005,128239.07299999993,48305.31499999998,107983.18200000007,125633.34900000002
178,178,53497.636000000064,122846.27100000004,46683.364999999954,103668.87099999998,119138.83900000025
179,179,56197.25999999998,125241.46999999994,46955.53099999994,102585.26700000005,122260.36900000014
180,180,53900.412999999986,122972.47199999986,47653.07300000002,103115.99899999992,120597.22499999986
181,181,51847.71500000001,119465.04499999998,45546.77699999996,101623.31399999993,116546.08600000011
182,182,56390.20500000001,123698.79499999994,46005.35999999999,103253.37300000002,122436.13599999998
183,183,52238.93400000002,121272.25399999997,46661.96799999997,102298.14600000011,118417.9960000001
184,184,55527.25900000001,125088.43599999999,47627.73200000006,106793.766,123426.72000000004
185,185,54273.535999999986,124943.26799999997,47172.899000000056,103230.76000000007,122181.49099999989
186,186,54820.397000000004,122514.29899999996,45842.82300000004,101021.69800000009,120206.06300000005
187,187,52843.10700000002,122452.78999999998,47147.47900000002,103848.0170000001,119323.7639999999
188,188,51649.08000000003,117873.07999999981,44718.68299999998,96828.34199999999,115014.64300000011
189,189,53002.95800000008,122790.96100000001,46497.500999999946,101049.82600000004,120034.38200000013
190,190,54177.58399999999,122569.77500000008,47051.43000000004,102203.34500000003,120431.92600000006
191,191,55757.30299999997,129384.7530000001,49214.302,107661.80400000005,126051.2000000001
192,192,55312.42000000003,127806.18499999995,49179.438999999984,108379.01799999991,124196.77700000016
193,193,53345.89599999999,121795.77499999995,45845.88299999998,99346.48100000006,119814.64400000009
194,194,52397.75999999998,119004.25700000001,45687.175000000025,100531.37600000009,116028.02500000004
195,195,54028.16400000004,120139.87999999993,45468.81900000002,99036.563,118290.87899999994
196,196,52977.84300000004,120985.19499999999,46515.80000000002,100770.54299999999,118486.30599999982
197,197,54497.483,123797.11799999994,47209.59400000009,101966.00900000002,121899.77100000001
198,198,48681.79399999996,115452.39600000002,45787.53200000002,97989.075,111735.56200000005
199,199,55260.32399999994,124513.085,47152.14999999992,100294.91799999983,121831.62800000003
200,200,53178.16099999997,121108.8620000001,47200.422000000006,100219.03399999994,119789.85600000004
201,201,51587.717999999986,120838.88000000003,46856.184,99054.81899999992,117855.01499999998
202,202,56705.45400000001,125153.54800000004,47518.962000000014,101884.97299999997,123338.86400000002
203,203,54592.79100000001,125187.5109999999,47857.23999999996,101510.79699999996,122639.35500000004
204,204,54408.948999999986,123030.65799999995,47270.31000000008,101641.65899999997,120606.12199999999
205,205,51796.47499999994,117372.67899999997,44890.66900000002,95857.46400000015,115493.99699999992
206,206,53288.30999999998,120607.57300000008,46514.231000000036,98239.924,118286.23899999996
207,207,52984.99700000002,120648.70200000002,47109.64700000005,98759.36700000001,118447.4739999999
208,208,52117.59099999998,121389.69299999996,46959.28099999997,98403.08200000011,118304.89100000002
209,209,52630.426999999974,122235.29899999997,46966.16899999997,97517.65699999993,119511.19699999997
210,210,53144.40900000002,119935.28899999999,46170.35800000002,95404.586,117850.5519999999
211,211,52543.603999999956,118251.12599999996,46273.34999999998,95729.88900000007,116334.11199999994
212,212,52610.026999999995,119552.20200000014,45852.445000000065,95806.79999999999,117865.59500000006
213,213,49963.14700000002,115712.8079999999,45478.43599999993,94521.00000000006,113305.47699999985
214,214,51553.80799999997,118217.112,45338.95599999998,94308.9910000001,115197.16500000007
215,215,52980.219999999994,122818.12700000015,48153.06300000005,100387.15599999997,118961.81699999991
216,216,52024.200000000026,119276.71400000014,45592.360999999975,94914.093,117182.65900000001
217,217,53856.88100000003,121348.72600000005,46112.876999999986,96120.9859999998,119196.21699999992
218,218,53898.846,121448.68,45833.42400000002,96215.263,119066.00800000002
219,219,52930.66600000002,122457.10300000006,46127.368000000024,95287.70100000007,120399.1459999999
220,220,52449.70699999996,120715.17500000002,46436.97600000001,96246.34699999985,118130.85900000013
221,221,50550.379,117632.3590000001,44961.289000000055,92479.64800000007,115242.45099999991
222,222,54740.77499999997,123365.001,45944.09499999996,94906.88800000008,121504.03200000004
223,223,54379.203000000045,121933.58100000003,46165.08199999996,94971.80099999985,120636.96799999998
224,224,50291.015000000014,116873.86000000006,44964.763999999945,93249.67800000006,114140.60400000002
225,225,54776.53599999998,120876.99600000006,46048.00200000005,94698.62900000002,119361.14099999996
226,226,48811.909000000036,113529.6910000001,44502.563999999984,91161.19299999985,110345.57700000015
227,227,53962.12799999997,121624.92699999997,46209.700999999965,94761.42799999996,119378.06700000001
228,228,50946.88400000008,116799.40999999992,45805.98400000007,93399.40800000011,114152.23300000001
229,229,53624.48499999997,122187.47299999995,46463.25299999996,95700.85899999991,119794.62299999983
230,230,50510.835999999974,116741.51,44914.76699999997,92257.54199999984,114473.09200000009
231,231,51521.76400000005,120124.61000000006,46787.15499999996,94011.58600000013,117606.47399999996
232,232,55961.28100000007,122718.54400000005,46592.247000000105,94657.32400000007,121207.51200000005
233,233,53285.68600000005,122525.92600000008,46874.63100000002,96809.7670000001,120626.98499999996
234,234,51029.86900000002,116640.199,45519.45599999999,93061.9439999999,113528.85199999998
235,235,51519.79200000002,117119.74099999998,44638.54500000002,90592.61899999992,115807.09900000006
236,236,53955.926,122531.06499999984,47551.20300000004,95642.81199999993,119958.54399999995
237,237,54088.229999999945,123366.483,48252.83700000001,96992.83299999987,120907.15400000002
238,238,52821.09500000005,119117.54399999995,47238.648999999976,95152.75,115689.57899999991
239,239,53810.752,122756.88999999997,46909.558999999994,95904.30800000002,120471.23399999995
240,240,53719.328999999954,120276.72899999992,45588.388999999996,92692.5309999999,118417.7900000001
241,241,53239.51000000006,121252.376,46304.69499999999,92590.58900000005,119057.92199999998
242,242,52534.13899999998,120212.506,46727.286000000015,94607.26900000001,117272.09300000002
243,243,53168.65200000002,119675.77799999987,46113.101,94081.92900000009,116963.15400000005
244,244,52738.804999999986,121507.81400000014,47283.116999999955,95015.60299999994,118624.87900000006
245,245,55426.248000000014,126313.99000000005,47472.71700000003,94218.07799999994,125460.99899999995
246,246,54150.889000000025,119216.54700000002,45526.84500000003,91589.27700000006,117514.13000000008
247,247,54428.46799999998,122118.9309999999,46763.00300000002,93882.22799999996,119624.06200000003
248,248,49971.976000000024,116239.64400000003,45857.59699999999,92307.44500000007,113275.16600000004
249,249,53002.34100000002,119319.09899999997,44995.22199999994,90237.498,117095.75899999999
250,250,55692.37400000002,125489.7820000001,47910.03499999989,94676.53500000006,123640.86999999995
251,251,54630.98099999995,123721.80199999995,47114.70400000008,93671.77000000008,121244.05100000012
252,252,54148.38800000001,124069.4919999999,47708.01399999999,94159.05499999996,122024.05200000014
253,253,51772.89499999996,119436.0749999999,46271.696000000025,91070.5489999998,116345.52599999997
254,254,52496.720000000016,119297.82399999988,45260.73200000004,89601.0299999999,117345.69299999996
255,255,49498.328000000016,114348.69600000007,45474.410999999986,89924.184,110807.43400000012
256,256,51344.23699999999,118946.91700000006,46818.83799999996,93637.62600000006,116429.63499999998
257,257,52999.31100000002,122985.95300000001,47124.97199999996,94013.31899999993,120835.149
258,258,50907.66900000003,117070.77399999982,45302.494000000086,91602.0990000001,114589.41000000012
259,259,51949.47099999997,120194.888,45951.62299999999,91603.7510000002,117504.71500000004
260,260,53611.926999999996,121770.47200000007,46880.19199999998,92835.79700000008,119592.76999999997
261,261,53241.551,123876.65000000007,47756.61500000006,94752.63000000006,120981.54600000009
262,262,54443.647,122005.32399999992,47231.90400000002,92602.38000000016,120093.02399999993
263,263,54649.35900000002,122163.79900000004,46059.426000000036,91691.46200000001,119948.12399999994
264,264,53388.895999999935,119553.31999999995,46448.47300000001,91534.42599999995,117306.28200000004
265,265,57347.13000000004,127230.81799999984,48040.11899999999,93649.00499999999,125840.4500000001
266,266,54454.96199999998,123665.44,47480.59899999995,92481.661,121593.83099999996
267,267,53589.14500000001,120463.61699999995,45120.733999999946,89044.51099999998,119368.88099999998
268,268,53592.76100000004,119980.51200000005,46168.64599999998,91095.97500000003,117945.86399999999
269,269,52033.218000000015,120434.94499999998,46170.88400000001,89446.78600000002,118558.44600000001
270,270,52323.65599999996,121431.2880000001,47554.07299999998,93079.69099999999,118444.41499999992
271,271,52284.341000000015,119492.091,46033.327999999936,89732.68300000006,117508.68200000004
272,272,53018.75000000003,120804.76600000015,46638.990999999965,92260.90400000005,118170.79500000011
273,273,53284.17999999998,123126.97700000001,47621.651999999995,92113.098,121243.18099999997
274,274,50473.40000000005,117300.20500000007,45836.02099999999,88886.84800000006,114864.95700000015
275,275,54302.11299999999,123829.97600000002,47675.24300000001,92996.80300000004,121662.58200000007
276,276,50354.498,116232.852,45602.26499999999,89111.2420000001,113811.49400000005
277,277,52404.200999999994,117687.91599999998,46047.62200000003,89713.478,115136.979
278,278,52627.107,122031.29799999995,47755.22899999999,91941.7089999999,118775.94600000004
279,279,52912.91300000001,121901.23199999996,46451.62400000003,89430.94599999985,120027.49000000002
280,280,52407.04899999996,120264.40899999999,46285.31099999999,88689.35799999989,117985.77400000016
281,281,53515.42600000001,120981.08200000015,45981.062000000085,88931.04100000006,120115.47699999988
282,282,51859.16300000002,118269.886,46622.523999999976,89775.89999999985,115550.44000000006
283,283,50879.35200000005,116994.10800000011,45929.799000000006,88820.32400000004,114668.07399999989
284,284,53031.005999999994,120741.9130000001,47242.82000000005,92281.98200000002,118398.73500000016
285,285,54404.52400000001,123065.65199999994,47133.68500000001,90368.88200000004,120943.465
286,286,53612.711000000025,121100.67,46334.78699999999,88956.39899999999,119408.33100000008
287,287,54221.61199999999,121479.64700000004,46450.89199999995,89804.7030000001,119583.3549999999
288,288,50918.98899999998,117612.15700000005,45290.90700000003,87226.69899999994,114965.16599999992
289,289,53591.23699999997,120235.2710000001,46360.80500000001,89039.57200000006,118064.859
290,290,50846.427000000054,118464.46200000007,45873.23100000001,87325.30699999987,115432.20600000002
291,291,53845.009999999966,123391.62800000006,47279.222999999954,89997.03699999992,119609.978
292,292,53546.786,122822.46700000003,47876.85399999999,91413.01599999992,119918.4710000001
293,293,52343.47800000002,119130.56899999993,45520.486999999994,87165.43399999996,117304.7080000001
294,294,52604.628000000026,119339.83900000002,45430.37799999991,87166.37300000007,117146.729
295,295,52677.38000000002,120939.39499999997,46393.45499999999,89854.23800000007,118884.29599999993
296,296,56811.513000000035,126869.92699999994,47557.227000000035,89956.83299999997,124853.51399999991
297,297,54901.386000000035,125081.21000000006,47271.201,88991.63500000015,123040.10699999996
298,298,48866.90900000003,115116.75100000006,45310.87400000001,86244.70700000008,112116.55600000006
299,299,52099.40199999994,119828.87399999988,45855.35200000001,88414.04400000011,117365.89699999998
300,300,51998.61900000002,121359.04899999991,46267.80199999998,88313.56300000013,118311.33799999995
301,301,53583.95799999996,124122.35499999994,47987.60200000008,91087.07400000001,120507.88899999997
302,302,54550.57199999999,124603.43700000002,47990.05499999999,91500.429,121153.65100000006
303,303,54235.02800000003,125100.61300000008,46963.65699999998,89063.04000000005,121990.62499999994
304,304,51229.723000000005,119947.40499999991,46697.79699999999,88289.01099999997,116548.06500000016
305,305,51428.50500000002,120375.1850000001,46997.623000000036,88681.09800000001,117577.95399999998
306,306,55200.46800000003,123005.58299999996,45989.25299999998,87765.13499999986,121964.26
307,307,54764.960000000036,125108.84499999988,47070.05100000003,89032.6569999999,122801.91499999996
308,308,51042.86700000004,118687.00199999979,45771.95599999997,87759.81399999997,115769.34299999994
309,309,49165.18800000001,114618.3569999999,45067.40399999995,85779.02299999997,111569.42800000001
310,310,55032.30000000002,126244.39800000007,47901.175000000054,90666.02000000003,124363.9910000002
311,311,50196.24000000001,118416.4659999999,44910.89199999995,85977.65699999993,114475.96800000002
312,312,56887.66900000001,127710.48999999999,47593.73999999999,90355.45599999995,126479.84100000009
313,313,53857.929,120693.21699999996,45800.48799999999,86429.71599999994,119835.17599999993
314,314,51015.769,116390.85000000003,45823.34199999999,84916.75800000013,114079.95199999998
315,315,51325.55300000005,117323.65500000001,45528.03399999995,85636.42100000015,114749.31300000002
316,316,51874.17699999996,120413.71199999997,46401.83899999999,86975.37699999983,117622.36300000008
317,317,56630.80300000005,127848.32100000013,48574.417000000045,91178.86099999998,126347.22000000002
318,318,53763.31499999997,121942.215,46363.15700000003,87017.0159999999,120391.84500000002
319,319,54241.34100000002,121525.7869999999,45721.29699999997,85655.33000000002,120867.68900000003
320,320,51792.608,120526.85900000001,46621.77900000001,87470.06000000006,116897.20099999997
321,321,53590.987000000096,120620.37299999996,46131.86000000002,86685.51500000006,119175.21499999981
322,322,53693.682000000015,119633.38400000012,45177.94399999992,85994.98499999996,118349.85499999994
323,323,51910.25600000001,119647.92599999995,46210.91799999999,86637.32699999992,117978.11900000008
324,324,51538.07000000002,118515.51200000005,45560.14400000006,85611.98199999986,116105.46900000007
325,325,52985.62199999998,120726.72799999999,47165.087999999974,88333.67899999993,118105.51299999996
326,326,52854.14300000001,118565.186,45868.62800000002,87305.49299999997,116853.32299999996
327,327,53532.59699999998,120469.10500000005,46431.57900000001,86892.46299999995,118215.26399999988
328,328,54475.230999999985,122621.9160000001,46728.76100000001,86856.60299999999,120322.38200000004
329,329,55210.78199999995,124874.3050000001,47929.05399999996,89103.24000000005,122448.86299999998
330,330,52485.824999999975,119335.79999999994,46435.51299999993,86383.51499999991,116338.93999999993
331,331,50442.553000000065,117351.72199999988,45983.85000000003,85960.3879999999,115110.06199999998
332,332,53714.286999999924,122127.38199999991,47563.133999999984,88317.66799999998,119073.31700000005
333,333,55166.80100000008,123990.02400000002,48190.61799999996,90233.80999999987,121167.70200000016
334,334,52081.63,119945.32300000006,46404.73100000006,86651.56599999995,117572.76400000004
335,335,54359.10599999998,124981.09899999987,47880.03100000002,89143.81199999999,121983.1819999999
336,336,54258.26700000003,124218.46800000008,48947.266999999956,89243.08200000001,121326.14900000006
337,337,53440.94600000003,119782.62400000004,45411.470000000016,84670.774,118591.9059999999
338,338,52769.24500000001,118453.9109999999,46368.69899999999,85686.03399999999,116107.49000000002
339,339,53309.97299999997,120566.43699999999,46053.07199999999,85102.82499999991,119027.27500000008
340,340,53337.737,119527.8209999999,45450.930999999975,84293.85299999986,118541.29200000007
341,341,52275.423,119792.359,46604.79400000002,86131.55699999991,116805.74399999985
342,342,54235.07099999998,121411.13400000006,46632.21600000001,86404.96899999998,119599.9109999999
343,343,54160.554999999964,121205.69099999998,46579.28799999995,87259.08499999999,118839.18799999994
344,344,55957.15499999995,122532.90599999987,47016.584999999985,85576.24700000003,121351.80200000001
345,345,52098.69599999996,120669.58099999995,46756.10600000002,86105.02499999997,117739.84000000007
346,346,55590.71,122372.56999999996,46606.420000000006,85539.922,121177.77500000002
347,347,53683.930000000015,119993.40500000006,46198.95300000002,86166.30799999989,117845.2339999999
348,348,56116.55299999996,122740.26600000008,46690.18899999996,86738.06499999992,121858.30599999992
349,349,54721.72199999998,123884.39100000002,47730.28400000003,87872.1910000001,122102.21400000002
350,350,52595.137999999955,118495.62500000006,45566.081000000006,85250.076,116498.33499999998
351,351,52039.59799999997,118476.37800000001,46038.81599999998,84682.00200000015,115053.84000000001
352,352,55231.21999999997,122696.83899999992,46682.660999999935,86184.59699999998,121445.71100000005
353,353,52434.20300000007,119473.42,46611.19199999992,86490.84500000004,117310.97999999998
354,354,56135.58999999999,121942.02800000014,45189.84800000005,84676.09200000005,121569.28100000002
355,355,57204.084999999955,125450.288,46898.41199999998,86925.06800000012,124241.61700000011
356,356,51229.129999999976,116530.76099999994,44247.32400000003,83759.34799999991,114645.445
357,357,53023.367999999995,120750.36500000005,47506.69599999998,86815.49099999994,118469.09100000009
358,358,53137.455999999984,118671.95999999989,45580.718000000015,84758.52099999992,116301.40899999999
359,359,49542.45500000004,114716.78000000016,45202.10300000002,82617.06199999993,111704.87099999994
360,360,53189.940000000024,121350.03199999986,46685.273999999954,85194.79699999998,119521.98899999993
361,361,52762.37100000002,119081.63399999989,45976.916999999994,84827.10900000011,116905.31200000006
362,362,50801.11700000007,119636.887,47463.78000000003,87123.33999999995,116457.30900000004
363,363,56141.044000000016,125729.22700000001,48474.66,89717.06799999998,123264.64800000009
364,364,52150.55200000002,119211.82199999993,44890.240000000005,83096.3199999999,117040.9109999999
365,365,51258.76899999998,120300.27199999992,45690.34599999999,84333.40600000006,117288.11400000005
366,366,53359.212,125296.91000000002,47686.78100000005,87293.19799999996,122275.47000000004
367,367,53679.19099999998,123004.08600000004,46865.829000000005,85603.16599999992,120151.86699999998
368,368,52264.852999999974,120536.15399999998,46165.15000000002,83645.09200000005,117999.68100000003
369,369,51930.55999999994,120355.86000000022,47545.198999999986,86707.34200000005,117681.94499999992
370,370,52147.32199999998,119850.11899999993,46761.827999999994,84837.01200000002,117215.20400000006
371,371,51284.21700000005,118390.62299999992,45681.60299999997,84152.4840000001,116201.5070000001
372,372,54257.90100000004,123179.14000000004,47054.38799999998,86936.80199999988,121762.94099999999
373,373,52318.80499999994,121735.59899999989,47379.349,86511.16000000013,119265.04600000002
374,374,49312.72499999997,114815.69400000003,46034.791999999965,84810.08799999993,111667.15100000007
375,375,53509.15799999996,119665.73100000003,46952.61199999995,86157.04899999998,117405.17999999995
376,376,52068.967999999935,118933.9790000001,46637.303000000036,84958.76299999995,117178.93900000001
377,377,53493.86399999998,121952.94300000001,47449.983000000066,85644.09900000005,119729.06199999993
378,378,51499.78200000006,116751.85300000002,45367.964999999924,82716.4899999999,115147.57600000007
379,379,53582.522,123276.45099999996,48817.71399999997,84592.89299999984,120854.7919999998
380,380,54536.217999999906,121620.26000000007,46746.94899999998,85081.4779999999,120465.34900000002
381,381,52088.473,118674.49900000016,45652.42599999996,83101.37600000002,115945.82899999997
382,382,52622.70000000001,120650.75000000004,45963.21900000002,84139.92499999996,118633.90100000004
383,383,55328.18099999999,122720.42599999999,47536.274000000034,86849.201,120667.17100000012
384,384,57014.92599999998,124798.31000000003,46799.54000000001,86225.07400000001,124267.98200000002
385,385,55527.108999999975,124714.85699999992,47771.71499999995,86170.40499999996,122495.15599999994
386,386,56437.813999999955,125262.95500000016,47443.89200000005,85761.91499999994,123949.799
387,387,55097.31499999998,123872.22400000006,47151.61700000003,86165.04600000016,122962.98100000007
388,388,53345.234999999935,120322.78299999997,46989.89800000006,84922.4850000001,118320.13199999988
389,389,52277.76000000003,117928.38899999997,45210.683999999965,82380.82200000001,116555.07399999998
390,390,53613.90200000006,119794.7739999998,45616.693999999974,83270.40300000008,118671.40599999992
391,391,53140.84999999993,118608.627,46566.60500000004,84889.1139999999,116644.73099999996
392,392,55248.36900000001,121843.75599999988,46201.592,85420.94700000007,120927.06899999999
393,393,51583.64000000003,117796.81599999999,45455.056000000004,82900.82700000005,115858.25399999997
394,394,56708.97700000006,125906.44300000004,47801.705999999984,85803.82899999995,124326.07200000003
395,395,55240.078999999976,124257.84899999996,48255.486,86417.25600000004,122875.83299999996
396,396,52100.422000000035,117013.0739999999,45816.97999999999,83962.84300000002,114979.58000000005
397,397,51722.703000000045,114954.55699999994,44706.13500000005,82883.39700000007,113322.64900000002
398,398,55401.14899999997,121641.73699999992,46678.599999999955,86173.52200000001,120453.69600000004
399,399,54379.68700000002,122710.88399999999,47234.705,85393.00799999999,120777.30000000013
400,400,53166.969,120648.7959999999,48020.468,85745.3349999998,117633.78900000002
401,401,53824.706999999944,121205.90799999991,46581.43100000014,83934.89199999985,119567.03099999993
402,402,52619.60900000003,120985.45800000009,46972.05900000006,84731.63800000006,118416.57500000006
403,403,54201.38000000002,122630.26800000013,45871.90400000004,82827.99400000005,121946.54800000001
404,404,55640.78500000002,122654.35899999998,45832.197999999946,83382.94900000002,122348.3720000001
405,405,52535.98699999997,118426.69400000012,46286.211000000054,83855.49700000003,117435.92699999991
406,406,51900.97900000004,120554.07199999994,48219.908,86698.47999999992,117348.61099999984
407,407,55378.36299999996,123777.57500000004,48105.89300000005,85636.92899999997,121885.98399999997
408,408,54736.74400000006,123486.30499999996,47302.619000000006,84655.29599999989,121664.74499999994
409,409,52018.71400000005,117744.281,46181.356999999996,82503.60600000009,115563.785
410,410,52429.35999999996,120364.42100000002,46146.31500000001,82620.62,118808.30300000006
411,411,51534.86600000002,116534.37400000013,46160.13399999994,82693.01399999994,114504.38299999999
412,412,52595.47500000001,120141.15500000012,47352.947,84074.38900000013,117857.23500000004
413,413,55284.820999999996,119722.57900000006,45364.053000000014,82495.65900000006,118644.03699999997
414,414,54556.094000000056,120908.07300000005,46267.179999999935,82000.72199999997,119170.8509999999
415,415,52550.94699999994,119804.45,46617.669000000016,83965.36100000009,117388.88900000016
416,416,53531.94700000001,118929.075,46088.29600000002,82596.00399999993,116983.45400000001
417,417,54283.845000000045,120003.567,44682.75499999999,82216.89899999995,118642.22099999983
418,418,54360.79799999997,122396.41099999989,47056.94500000002,84644.30399999986,119890.77399999995
419,419,51091.482000000025,118630.16700000002,46391.24399999997,82104.7240000001,116157.32499999997
420,420,51025.45500000003,118369.90799999992,45587.3730000001,81718.64699999991,116079.69399999996
421,421,52775.439999999966,120322.8600000001,46735.53399999997,83808.73300000012,118409.15900000009
422,422,51252.07799999993,117690.46500000004,45826.273,81883.15200000002,115656.93000000007
423,423,57441.334999999985,126611.44699999993,48953.72700000004,87329.87399999988,125295.85899999997
424,424,51416.05499999992,117355.99399999998,46835.99,83343.523,115522.95000000003
425,425,51401.537000000004,116072.403,45263.801000000036,81068.157,114523.42100000006
426,426,52923.694999999985,119072.241,45802.465999999986,82244.53999999996,117367.62699999992
427,427,53731.96600000004,121664.96699999992,47928.95199999993,85726.86099999998,119719.79300000003
428,428,52128.390999999945,119422.82099999988,46825.68299999999,83410.24400000011,117477.34500000006
429,429,55150.61399999998,121504.81800000003,47072.77500000003,83939.36200000001,119756.07299999992
430,430,56146.36000000006,126637.96899999997,47534.72699999998,84750.7109999998,124386.1309999999
431,431,52538.32299999996,120223.42899999997,45914.74000000005,82697.80099999989,117744.32500000004
432,432,53777.552,122345.25900000011,46877.53300000002,83217.80000000008,119797.38500000001
433,433,52320.48300000003,119666.197,46086.901000000085,82217.44700000003,116045.33300000003
434,434,56136.30600000002,126207.09999999992,47672.64099999996,83969.75499999996,124000.05700000006
435,435,53965.63499999992,121865.999,46731.892,82847.09600000002,119448.18699999987
436,436,51682.38500000002,120887.54599999991,46789.25700000002,82907.74200000014,118015.62499999988
437,437,52478.502999999975,122309.2019999999,46793.35100000002,83087.24500000011,119741.5289999998
438,438,54477.74700000007,122994.2689999999,46359.648,82726.95500000002,121644.83499999995
439,439,55476.11300000003,126086.83899999989,47382.61799999991,84449.09400000004,123880.08599999997
440,440,54746.362000000016,125942.86200000002,47304.25699999996,84395.75400000002,123105.65599999997
441,441,54829.00399999998,124585.14900000009,47162.00399999998,83109.03600000002,122166.04899999998
442,442,54103.025,122443.68100000006,46595.07699999998,82391.03400000004,119748.62800000004
443,443,51609.24700000012,121730.3690000001,46452.881,82521.03399999994,118717.59000000001
444,444,53069.298999999985,122798.10900000003,46533.355000000054,82304.12900000002,119420.41200000003
445,445,52682.81000000003,122380.27799999999,46349.512000000024,81603.44700000015,119420.85299999992
446,446,53295.48200000001,120956.47199999998,47031.740000000056,83103.76299999989,117683.0359999999
447,447,55540.76099999997,125925.63900000001,47366.414000000026,83613.29399999989,124156.59100000001
448,448,50572.92900000004,116092.53500000005,44691.865,79491.00800000012,114459.30400000006
449,449,53690.222000000074,121902.5989999999,46750.711000000076,82628.06900000002,119384.92500000012
450,450,53765.057999999946,123993.07800000005,47445.43999999998,83517.29499999988,121009.75000000006
451,451,53663.429999999964,123108.73699999995,46419.38800000003,82784.06999999993,120890.66399999984
452,452,51519.37300000006,119964.848,46308.04800000003,81339.27200000006,116628.05599999994
453,453,52109.69700000006,119644.72799999989,46086.98599999996,81060.86900000002,116452.91699999984
454,454,53776.55599999995,118510.99199999995,45881.65000000001,81212.65600000008,116671.56899999999
455,455,54190.916000000005,123862.84099999999,47187.19100000003,83505.48200000002,121127.95199999998
456,456,54860.034999999996,122700.59699999998,47815.719000000056,83683.58099999998,119952.78800000006
457,457,52508.01299999997,119519.93299999992,46266.45800000002,81564.86499999992,117470.48700000004
458,458,53124.852000000006,122435.794,47414.64700000002,83775.407,119249.0559999999
459,459,57158.102000000035,125520.10900000013,46932.860000000015,83231.56000000004,123827.65999999993
460,460,52247.14400000002,119794.53400000001,46617.25600000005,82399.91500000007,116508.46600000004
461,461,52541.61099999999,122302.21500000005,46934.263999999945,81725.17200000002,118738.00999999997
462,462,51461.80499999991,117865.98400000004,45213.81999999997,79463.83200000008,115552.77800000002
463,463,50599.57099999996,116755.23100000007,45652.066,82052.14199999996,114367.2640000001
464,464,53922.035,120606.97099999999,46602.607,81784.62799999994,118449.02600000007
465,465,50870.079000000005,119494.66399999993,46296.15800000001,81809.59499999997,116328.9939999999
466,466,52773.86200000001,122501.80999999992,47189.276999999995,82869.1739999999,119622.98600000005
467,467,56318.428000000014,124058.57799999994,47139.14799999996,83542.19900000001,122672.73100000007
468,468,55252.83299999998,123040.21,46685.67399999998,82805.85800000001,121698.37700000007
469,469,51805.30800000001,119600.62800000001,46253.68599999998,81797.59500000003,117856.74399999993
470,470,51961.13900000001,119986.84499999993,45792.722999999954,81082.97999999992,117019.63000000005
471,471,53270.23800000007,121103.307,45796.53699999994,82109.58800000003,119409.78600000004
472,472,52404.30699999995,119250.46000000004,46565.28200000002,84156.67699999995,116963.28599999993
473,473,53927.44899999998,119934.10800000012,45651.248999999945,81274.06599999999,118758.60100000007
474,474,53257.63300000003,122744.0620000001,49529.427,84450.45600000003,119669.56999999993
475,475,51279.624,117141.77599999998,45321.913000000066,81913.40600000006,114873.026
476,476,52736.77600000004,120202.849,46774.097,83378.60600000007,117539.09999999987
477,477,52116.934000000074,120418.75700000014,46816.24299999997,82532.66499999989,117115.27799999998
478,478,54768.23699999996,123264.60500000008,47322.94800000001,83258.02300000012,121034.18599999991
479,479,55104.028000000064,122762.03300000001,46563.67299999998,83066.03899999995,121443.25400000009
480,480,52869.72300000009,120845.00900000012,46562.99000000003,81456.56700000013,118286.451
481,481,53463.90400000004,122994.77299999999,47688.30900000004,83362.4969999999,120695.55000000003
482,482,53294.87999999998,119136.052,46185.43799999996,81100.54000000004,117090.30399999999
483,483,54697.34400000002,125477.08700000009,48398.781999999985,84524.49400000005,122816.52099999988
484,484,53181.356000000036,120706.15499999997,46570.07700000004,80859.28499999996,119220.5900000001
485,485,54615.964000000065,122727.03899999993,47486.51299999996,82443.57700000002,120951.8619999999
486,486,53288.187000000085,120493.18000000001,46262.50199999996,81295.55899999983,118515.78500000005
487,487,51080.513000000006,117179.345,45898.889999999934,81123.77500000001,114572.50899999995
488,488,53898.621,122595.56300000002,46662.51000000005,81698.78800000009,119181.76499999996
489,489,53488.23699999999,122004.98599999992,47205.094,83767.38799999999,119427.86399999991
490,490,56255.01099999994,123331.17099999996,46651.666999999994,82131.71500000005,120748.07899999987
491,491,50212.538000000015,117464.97200000004,45936.33099999998,80908.5679999999,114859.21000000004
492,492,53671.651999999944,122337.46700000014,46986.72100000001,82093.45100000004,120207.9430000001
493,493,52872.74899999997,119045.19199999979,45051.07700000002,81074.67500000002,117330.95499999993
494,494,53772.51599999997,124362.32600000006,47712.10799999999,83822.78200000002,121799.12899999996
495,495,54908.971999999994,125094.24599999996,46710.47900000008,83111.30700000006,124257.73100000003
496,496,52074.474999999955,119623.73800000007,46033.423,81264.58000000007,117436.65700000002
497,497,53189.912000000026,120203.52000000003,46156.315000000024,81865.71100000007,118207.25899999992
498,498,54322.60299999993,119631.91500000017,46990.892999999895,81837.05200000001,117392.39099999997
499,499,53878.93200000004,119561.57499999987,45346.61300000003,80206.41699999997,117816.38799999996
500,500,51399.361,118419.93299999999,45745.6,81870.49200000003,115953.46299999999
501,501,55324.515000000014,125007.74300000002,47027.42100000006,83344.397,122797.59699999995
502,502,54153.073000000084,121815.23599999992,46416.15999999997,81886.93300000009,119707.37799999992
503,503,55089.416000000034,127111.43799999995,49365.70999999997,85288.43400000001,123900.93600000003
504,504,53082.99599999997,122372.54600000013,46910.77499999999,83809.91499999998,119991.45499999997
505,505,56325.89500000002,125692.71199999996,47747.848999999995,85179.03799999996,123651.5620000001
506,506,54176.61900000005,124097.5739999999,47451.959999999934,84200.39299999992,122380.78500000002
507,507,54274.43899999997,123150.70699999994,46688.73499999998,81396.66699999997,121744.27300000003
508,508,53281.66100000004,120971.23399999997,47364.259000000005,81663.58300000003,118201.97699999998
509,509,55723.75799999996,122958.88199999997,46064.538,81017.08100000005,122031.06800000009
510,510,51274.317000000075,116764.612,45243.329999999936,81223.14699999988,113968.23700000002
511,511,53671.278999999966,122284.63099999992,46383.128999999986,81309.79700000002,120494.43300000009
512,512,53936.190000000024,121661.96299999993,47239.331999999915,81629.65700000005,119251.45300000013
513,513,54410.88400000001,122133.0939999999,47687.58499999999,82766.09700000001,119776.95200000005
514,514,55163.27599999999,122302.652,46339.33099999999,81423.36299999997,121779.93100000007
515,515,55433.488000000005,124877.42499999997,48294.86999999997,84993.46499999992,122481.10700000002
516,516,54610.961999999985,124743.33200000005,49196.35600000004,84977.32299999992,121669.09399999994
517,517,52192.47700000003,116508.99299999997,45467.774000000005,79163.59900000019,114606.01500000004
518,518,55406.16700000005,122838.15699999989,46817.61499999996,83100.34799999977,121774.75199999998
519,519,53243.82200000003,121203.33100000008,46121.669999999984,80668.34100000001,119448.23600000003
520,520,49961.477,116489.40400000008,45412.15000000001,79843.51399999998,113693.86099999982
521,521,53782.53100000012,122307.15299999995,47746.893000000055,81136.96900000001,120376.03099999997
522,522,54858.41299999994,121223.96399999999,46361.07500000007,80720.82999999999,120009.91500000007
523,523,56224.64900000001,122666.73000000005,46020.46799999999,80486.75399999994,121923.81800000019
524,524,54213.04500000004,120661.80500000007,46298.66100000005,80798.78200000005,119230.00799999994
525,525,51573.901000000034,118628.29500000003,45662.824999999975,80534.898,115730.8440000001
526,526,53529.02499999995,120958.27699999994,47154.11600000006,82153.05300000001,118384.49500000002
527,527,52919.293999999994,117840.54399999994,46197.274999999994,80736.42100000003,116744.33400000002
528,528,53909.66000000007,122870.59699999995,50325.775000000016,82794.39800000006,120944.13600000007
529,529,55330.84800000003,123433.97899999993,47358.00799999991,82559.95700000004,121811.91799999998
530,530,52463.09300000001,118504.06699999998,45908.34799999996,80626.19199999988,116223.76599999997
531,531,51938.155000000035,119124.52299999988,46033.407,80388.42699999994,117240.57300000002
532,532,51691.24300000002,116427.30500000012,45148.62799999997,79547.4779999999,114253.74900000004
533,533,53312.851999999984,119511.36199999995,46019.87799999996,80001.53799999991,118059.79499999978
534,534,52887.22599999998,121087.13600000003,47201.78299999998,81165.78500000003,118351.23099999996
535,535,55366.04300000002,124016.68000000005,47894.235,83793.32599999986,121510.63700000008
536,536,53709.20700000006,123874.46199999998,47302.41699999999,81911.85500000024,121711.18799999983
537,537,50977.17499999998,116335.58099999985,45913.233999999975,79560.66099999998,114121.75999999991
538,538,54062.50099999999,121928.38699999993,47826.848000000035,81899.53399999996,119849.40899999993
539,539,54469.26499999999,124690.49499999994,48052.00200000006,83503.14900000006,122556.00300000008
540,540,55574.65599999994,124726.5899999999,48237.82400000001,83477.08400000003,122687.19299999993
541,541,54697.46299999995,123094.58400000003,46788.72700000001,81196.15900000007,122120.141
542,542,53040.13499999993,119131.86600000014,45738.28000000001,80732.14999999994,117819.71100000005
543,543,54293.11800000001,121340.05300000004,46838.97099999992,81020.87600000008,119737.97200000002
544,544,54899.91800000003,122633.65199999996,47334.077,81550.97900000012,121455.79199999996
545,545,52601.27099999998,120156.55499999998,47347.51899999997,81337.92700000001,116910.31199999995
546,546,50805.00299999993,115385.61900000002,44874.11799999998,78125.25400000006,113213.16200000001
547,547,55146.38399999996,121083.61599999995,46066.35599999997,80066.60500000004,119826.01699999998
548,548,52496.64099999993,121208.963,47254.79999999998,81015.65900000006,119748.856
549,549,53269.92199999994,122802.17699999997,46893.210000000014,81927.18900000007,121603.74299999991
550,550,52279.217,120194.17699999994,46000.83299999991,80015.924,118705.8419999999
551,551,56565.02600000003,124867.47000000015,46657.79499999995,80760.43999999994,124243.84000000001
552,552,53781.53899999999,119929.25499999996,46242.55000000002,80505.79799999994,118292.054
553,553,54758.007000000034,122099.57899999994,46512.341000000066,80417.71200000001,120980.88999999994
554,554,53710.59300000007,121910.22899999986,46501.739,81370.23299999988,121019.1610000002
555,555,53141.732999999964,122412.48799999991,47347.022000000026,81999.27500000002,120053.18399999998
556,556,50336.174999999894,114755.76500000001,44528.637000000024,77862.96899999995,113205.02600000007
557,557,54486.607000000025,124308.69700000001,47333.86899999995,80803.13399999999,123143.74900000004
558,558,51525.503999999935,117629.59299999989,45476.30900000003,80199.166,115234.65900000004
559,559,53295.122999999934,120973.89999999997,47065.551999999996,81413.73199999999,119215.37499999987
560,560,54304.66000000008,120858.95900000003,46400.339000000036,81843.98299999993,119673.58599999994
561,561,53300.01999999995,121111.80999999998,47163.24499999998,80816.512,119577.14000000007
562,562,54258.682000000015,122949.20700000001,47943.86900000001,82297.3659999999,121125.57099999987
563,563,51691.827999999994,116764.03000000013,46719.51899999992,80422.03600000002,114786.7030000001
564,564,55620.454999999936,125607.63199999998,48046.40000000003,82717.35000000003,124135.06800000007
565,565,53994.05199999999,119936.93,45831.70199999998,80774.58499999999,118423.61
566,566,55277.052000000076,123069.76700000011,47324.10800000002,81963.01500000004,122135.61599999982
567,567,53911.61799999996,120033.92500000005,46334.76499999999,80155.14800000007,117940.31099999999
568,568,53722.72900000002,123459.6019999999,48976.083,83354.98200000003,121877.8740000001
569,569,52282.068999999945,120297.24799999998,46204.82499999999,80950.51099999988,118479.5170000001
570,570,53086.39900000003,123369.23100000004,48200.31399999992,83336.72100000005,120894.30899999995
571,571,51773.428999999975,118442.54399999997,45630.079000000005,79577.03200000011,117049.12099999997
572,572,53500.22799999999,124577.86199999995,47259.61199999998,81404.58099999999,122806.16900000008
573,573,52070.15399999998,116347.30500000008,44526.08999999998,78057.30499999996,115605.22999999995
574,574,53280.34600000002,122566.06999999998,46700.193000000014,80661.5160000001,121845.12300000011
575,575,53112.52700000003,121330.27099999995,46806.329000000005,81898.41700000009,119380.96699999998
576,576,56880.50100000001,127443.9819999999,48545.562999999995,82884.22800000006,126132.385
577,577,52488.396000000044,122002.41399999996,46793.89499999996,80537.87800000007,119018.28700000005
578,578,54464.46899999999,123981.50500000002,46650.848000000035,80506.06399999998,121790.28299999985
579,579,50718.811,117847.17299999984,45871.00799999998,79247.1920000001,115176.008
580,580,53454.227999999974,122458.06400000003,46686.573999999964,80596.83600000007,120313.10699999995
581,581,53049.04100000005,120387.97999999998,47137.959999999934,80620.68300000015,117608.57600000013
582,582,51908.80699999996,118508.30899999998,46198.35900000002,81247.63600000016,116761.31799999993
583,583,54275.69800000002,124186.45000000004,48405.79300000004,83174.40700000004,122487.27699999996
584,584,53637.792999999954,122653.08800000013,47022.79999999999,80199.51999999995,120134.54400000013
585,585,57245.38,126914.72500000014,48671.64500000003,82994.07299999996,125767.19800000002
586,586,54483.54600000007,127317.89300000003,47880.255999999965,81618.92900000003,121083.17700000008
587,587,53498.249999999956,119519.08800000002,46309.30500000003,80224.04800000004,118029.87400000005
588,588,51313.75600000001,118138.27200000008,46456.949999999975,79560.61800000007,115568.99300000006
589,589,51596.45899999998,119730.97700000004,46654.76599999996,79320.79599999997,118553.96899999991
590,590,50813.45000000005,117602.52199999988,46940.92300000002,80394.01400000011,115947.72200000001
591,591,53302.19400000001,121865.42599999993,45818.452000000034,79118.27099999995,121219.71400000002
592,592,51026.274,116740.01,45292.02300000003,78798.15300000002,114722.99999999997
593,593,53172.78000000001,120854.82799999989,47579.74100000007,81165.65900000007,118982.68800000004
594,594,52964.429999999964,119566.41800000008,46840.308000000005,80211.81199999982,117428.10500000003
595,595,53140.86099999988,120876.2589999998,47725.94499999999,81420.42199999996,119428.578
596,596,52583.00500000002,120454.97499999995,47154.46399999996,81834.57099999998,118985.18099999998
597,597,57782.547,125529.71799999996,47293.47699999998,81574.85100000007,125818.96299999992
598,598,52882.12500000004,120554.59,47415.477000000035,81379.12100000003,118500.534
599,599,52084.646000000015,119857.37199999989,46711.10299999999,80541.31399999998,118438.58900000002
600,600,54417.67299999998,121714.00099999992,47305.78599999998,81347.72100000006,119771.3059999999
601,601,52776.96999999999,118694.62700000011,46397.29399999999,79655.54499999997,116925.17399999998
602,602,54591.56699999998,122829.49399999992,47721.74300000005,81297.64400000001,121812.16899999995
603,603,54419.76000000001,122053.461,48229.21400000003,82413.80600000008,120123.05699999999
604,604,55982.02499999997,123677.27499999995,47461.79500000002,80350.47499999986,122250.59999999996
605,605,52735.848000000005,118820.93600000006,46891.43500000003,80080.94199999997,117134.94000000005
606,606,54706.82400000004,121127.73600000003,47342.204000000034,81329.78600000002,118338.96599999991
607,607,55065.584999999955,125696.85700000005,48583.127000000095,83377.58000000003,123207.31299999998
608,608,53229.55700000004,123074.81400000003,47961.966999999924,82695.6650000001,121633.90699999993
609,609,52954.20500000002,120478.63399999999,44958.634,77967.804,118697.65200000009
610,610,53655.71499999997,121761.94899999988,47338.76600000003,80312.41099999998,119987.29599999984
611,611,51483.738000000056,118220.25099999996,45726.55300000001,78131.94900000004,116242.5299999999
612,612,50996.09799999996,117387.50700000001,46548.64199999995,79914.1069999999,114009.211
613,613,53131.913000000044,117125.66800000005,45998.28400000006,78138.64400000006,115644.75399999997
614,614,52391.61600000007,119409.81000000008,47100.552999999985,80421.75899999992,116497.33599999995
615,615,53237.26199999999,119884.71700000003,46543.90299999995,79730.64599999996,117797.8250000001
616,616,53339.59600000003,121665.83499999995,46972.60400000001,80205.36600000002,120409.58800000003
617,617,54712.86499999997,124691.41899999998,48042.06400000003,82439.69799999986,122620.28699999994
618,618,53048.28500000005,121777.38599999997,46506.41099999997,79456.94799999986,120503.19800000005
619,619,54227.07100000004,119700.83399999996,46403.04599999997,79236.39600000005,118848.58400000009
620,620,53759.54000000002,123145.48799999997,47097.73200000005,80300.06299999994,121286.75200000017
621,621,51302.51100000001,118762.29799999994,46389.48699999999,78859.86899999993,116764.33700000006
622,622,55205.817999999956,123564.55599999998,47052.649999999936,80686.88699999999,122259.45699999982
623,623,53294.53900000006,121164.39799999987,46034.08100000008,79691.62299999996,119406.47499999993
624,624,54470.84300000004,122242.65999999995,47072.330000000075,80784.52899999992,119975.55499999998
625,625,51141.269000000015,116526.34300000001,46073.75699999999,79487.748,114186.06499999996
626,626,53011.183,120839.04299999993,47061.91899999992,80856.32100000003,118403.51599999999
627,627,53632.630000000005,118917.89499999999,45761.389,79321.06400000001,117362.623
628,628,52028.691999999995,120441.32199999991,46687.98599999997,79699.43499999998,118365.74900000017
629,629,51585.48700000003,119447.59499999988,46846.99799999996,80549.593,116746.47400000005
630,630,57456.47899999994,125914.89299999994,48059.034999999996,81575.01800000004,124973.31699999997
631,631,52601.776999999995,118887.369,45917.99599999995,78907.81099999994,116760.74599999991
632,632,55052.36600000002,121593.94800000005,46286.64400000007,79215.87300000012,120407.645
633,633,54271.37699999998,123113.28900000008,46767.351000000075,80482.14499999992,121980.93600000006
634,634,54541.959,124016.05500000005,47422.29900000001,81119.17500000005,122535.10099999984
635,635,49198.677000000025,116972.141,46351.66499999996,79509.46900000003,114000.00599999992
636,636,53147.58999999994,123775.04600000009,47070.04899999998,80720.73199999999,121520.55100000004
637,637,52371.23699999994,121035.64100000008,47481.09099999999,80313.62300000008,118402.42400000007
638,638,53771.38300000001,121977.92200000008,48285.59199999999,81879.79800000004,119688.72400000003
639,639,50171.16399999999,116310.12799999998,46283.911000000015,79216.30199999997,114717.54500000003
640,640,52911.67400000002,119307.08299999994,46068.80200000001,79789.02099999992,117524.71899999997
641,641,52397.866,119791.03699999995,47026.65599999993,79357.84500000009,118183.55900000001
642,642,54198.12600000003,120762.95799999996,46456.008999999955,79738.36599999998,119259.7580000001
643,643,50999.77599999998,117986.09600000005,45407.15400000003,79075.67100000006,116329.3329999999
644,644,55017.97600000005,125287.05599999997,48558.707999999984,82989.43300000008,124106.07099999987
645,645,53192.218999999975,122352.85799999998,47182.85899999998,80286.19600000004,120477.98299999989
646,646,53788.769,121457.26000000004,46486.34499999995,79258.07899999995,119675.78200000002
647,647,52570.43399999997,118384.42499999993,46158.95699999995,78845.40700000005,117345.09000000008
648,648,51413.75099999996,117952.75300000004,46338.42400000003,78941.92999999996,115784.50600000001
649,649,52410.54800000001,118935.31099999991,46578.08599999999,78984.3199999999,116071.23600000015
650,650,52654.20100000001,116657.46900000001,45556.456000000006,77914.74399999998,115543.11199999992
651,651,56566.15700000001,125023.29400000013,48117.36599999992,82055.2599999999,123970.15599999994
652,652,53059.96999999997,119890.21500000003,46350.311999999954,80248.28299999997,118183.73700000005
653,653,51958.462,118159.4109999999,46481.06399999998,80135.8809999999,116021.33999999987
654,654,52550.43099999998,118461.49599999998,45981.95299999998,79448.17300000005,116980.28300000005
655,655,55943.08199999995,123173.51300000005,47521.72700000004,80931.51799999997,122090.79200000002
656,656,54041.55300000002,119849.8359999999,46014.44499999994,78773.93200000016,118116.12000000002
657,657,52945.80999999998,122454.49600000007,47816.520000000026,81828.81799999994,119821.80099999988
658,658,52972.76700000003,121219.38600000001,47747.28800000002,81139.51299999999,119273.739
659,659,53601.19100000003,121583.78099999987,47766.769,80220.87500000004,119487.35600000012
660,660,54594.98499999996,120003.24799999992,47665.756000000016,80206.658,118706.92300000001
661,661,55001.94699999999,122608.54899999998,47209.032,81105.84899999996,121390.91100000008
662,662,52354.780999999966,121275.68399999998,47146.39599999999,81192.71499999992,119384.60299999984
663,663,52472.276,120274.22399999997,47520.805000000015,79266.9909999998,118932.683
664,664,53160.752,118535.99699999997,46403.104000000036,79235.22600000013,117352.40799999995
665,665,54740.97800000002,123071.62199999992,48465.755,82062.278,121521.42800000007
666,666,54466.34799999996,122562.03599999986,47125.53500000006,80266.51499999996,120990.0549999999
667,667,52314.066000000086,117455.48599999998,46621.457,78896.38300000002,115729.94000000003
668,668,52536.43399999996,117577.59200000002,45483.896,78420.5320000001,116354.52199999997
669,669,53556.98499999994,122578.53800000004,47888.10000000001,80831.94899999994,120794.85300000008
670,670,51935.37300000003,118667.98599999993,47127.28599999996,79233.072,117543.78200000004
671,671,52046.890000000065,122924.96900000003,47838.52400000001,81683.70800000003,120093.47100000008
672,672,53501.13600000006,122638.05300000007,46069.212999999996,78900.36499999996,121191.49600000001
673,673,51847.85999999994,119793.255,46352.90500000001,79754.20899999993,118314.20900000015
674,674,55177.609000000004,125573.48799999992,47924.478000000076,80604.085,123815.00800000009
675,675,52319.33999999997,119558.56499999989,46106.37900000002,79269.35499999991,118003.95199999992
676,676,54243.481000000014,123792.6450000001,47708.19000000001,81272.45399999998,122185.86800000002
677,677,52162.534000000036,120094.49199999994,47589.45200000005,80385.98199999996,118245.3280000001
678,678,53698.87299999995,121727.55999999995,48296.70100000001,81038.729,119028.61099999998
679,679,53703.589000000014,120570.15799999998,46430.88699999999,79988.522,119026.1350000001
680,680,53851.102000000064,118905.33900000002,46159.489999999954,78528.5999999999,117719.66500000001
681,681,55907.77099999999,122461.22199999998,47792.468000000044,81300.35199999998,120840.06500000005
682,682,53920.23199999995,123834.248,48170.30799999993,81504.62200000003,120662.53299999997
683,683,53219.671999999955,120708.86199999998,46376.293999999994,79294.49500000005,118868.17999999993
684,684,49346.917000000045,115574.35400000008,45757.672,77967.43299999992,113705.44400000006
685,685,55494.98099999994,125231.39600000005,47410.20599999999,80764.66299999996,124771.67299999994
686,686,52615.82399999998,121933.194,46962.52099999999,79657.54700000012,120411.20499999991
687,687,52982.59100000001,118411.02999999985,45592.744999999995,78029.89000000001,117531.29400000004
688,688,53055.01199999998,122497.15599999999,46325.18600000004,79595.974,120379.63800000002
689,689,54658.38199999995,123156.94899999994,47364.03100000002,81079.60799999995,120931.884
690,690,54673.04999999996,122076.90499999998,46957.77200000006,80199.914,121086.22800000008
691,691,52022.05899999998,117614.69900000005,45826.03100000001,78828.97600000001,115985.4570000001
692,692,53062.75699999998,121356.08400000002,47320.55400000005,79399.61699999987,119577.648
693,693,48527.61099999998,114479.891,45210.90799999997,77713.42200000004,112405.09799999993
694,694,53558.80999999996,122406.60499999997,47495.30600000003,79907.25299999988,121351.47600000005
695,695,49601.97000000001,114437.52499999988,46157.50699999996,79039.33999999992,112088.82399999979
696,696,53283.81499999999,122327.45399999997,47768.31800000002,79772.60599999993,120843.07799999995
697,697,54475.77900000001,124151.23499999994,48222.47400000004,81055.27299999994,122736.00699999997
698,698,59816.238999999994,130326.10500000007,48613.210999999996,81946.90500000007,129953.48699999979
699,699,53326.47899999998,120404.25799999991,46386.17299999998,79888.798,118108.75300000001
700,700,53663.23200000001,119980.77100000001,45812.64100000004,79521.14499999995,119968.16699999991
701,701,53939.879999999954,119930.824,46599.63000000005,78697.76000000008,119105.64600000007
702,702,49845.52100000006,112881.83200000001,44480.55599999994,77964.862,110703.09600000003
703,703,52088.54099999996,117003.85200000009,45707.608999999975,78615.82100000005,114758.35299999999
704,704,54715.60000000003,121831.77200000014,48136.018999999964,80065.51599999992,120356.89400000009
705,705,54387.40399999999,121836.90999999987,47682.49899999994,79825.27900000004,120599.50600000008
706,706,55555.095000000045,123148.40399999994,46989.507,79648.69,122751.73500000009
707,707,52066.15200000001,121162.45500000003,47234.75100000002,80351.35899999998,119200.88000000008
708,708,52123.236999999994,121093.90900000001,47788.20200000002,80420.77100000002,119009.96700000012
709,709,50254.581000000006,116810.63399999998,46045.869000000006,77901.91000000002,114600.113
710,710,53418.52599999995,119168.723,46708.731999999996,80025.34299999988,117219.15999999995
711,711,53574.03299999999,120735.03599999993,47410.574000000044,79912.84799999997,119637.11799999991
712,712,55021.74200000006,122608.70600000006,47678.53199999997,80143.6630000001,121595.03100000006
713,713,50337.274000000034,114805.91899999992,44275.882999999994,76223.16800000002,114114.74099999992
714,714,55304.74599999995,123748.24900000007,47567.56000000007,79532.18700000002,122276.98100000001
715,715,52397.89300000002,118953.37000000004,45752.75500000001,77948.309,117530.62800000004
716,716,57412.46200000002,128833.33499999995,49939.75499999997,82226.723,127803.4510000002
717,717,51260.29199999993,119583.15000000001,48700.98999999999,79757.48499999988,116780.50200000004
718,718,54838.444,123522.55299999994,48710.689000000086,80995.58599999986,122158.872
719,719,58596.32800000004,128739.8440000001,51071.620000000046,82592.07299999993,127532.79700000005
720,720,55531.360000000044,124226.90299999995,47719.735000000044,81911.89799999999,122763.11700000007
721,721,53175.33000000008,119924.91100000001,46538.91300000003,79275.73700000001,119428.75699999995
722,722,54486.52600000004,123912.15100000007,46858.8639999999,79475.72399999991,122497.27299999988
723,723,52343.418,119734.1379999999,46677.54599999994,79228.6139999999,118489.51000000014
724,724,51893.96900000004,118044.17799999994,46418.73500000005,78502.74799999985,116448.09299999994
725,725,54223.93900000006,120834.41199999991,46838.715,78998.72999999994,119918.33500000004
726,726,55844.782,122817.92099999997,46440.609000000004,79652.12799999991,121461.03399999991
727,727,53471.36300000002,121467.02300000004,47299.253000000026,79400.97099999986,120361.57799999992
728,728,53818.98500000003,120680.552,45922.82700000002,79058.83300000012,120207.48900000007
729,729,52049.38299999997,119478.28000000007,46200.970000000016,79242.85000000006,117868.16099999989
730,730,53398.17000000007,120167.926,46030.753999999986,78357.89900000006,119787.30599999994
731,731,53789.20899999994,122692.00000000009,47406.17500000007,79803.49599999998,121256.5700000001
732,732,53582.287,118494.64300000007,45374.45399999996,78640.06800000001,117652.77799999989
733,733,50412.099999999984,120446.8089999999,47103.26999999994,79546.6990000001,117934.48599999986
734,734,53487.13699999997,122500.50400000006,46952.27000000001,79742.8199999999,120388.71799999995
735,735,54203.139999999934,120468.18699999993,46646.800000000054,80328.12999999989,118267.18900000001
736,736,51892.339000000014,119684.50399999986,45710.86500000002,78893.91100000004,117814.31800000001
737,737,53039.239999999954,123246.22199999988,46101.69099999998,78756.46300000005,121703.18900000001
738,738,54041.46899999995,121640.5170000002,47618.791,80543.35600000009,119776.493
739,739,53765.05799999998,122225.41800000008,47835.48500000006,79976.69500000007,120812.00600000007
740,740,52311.30200000001,120084.58100000003,47146.64399999997,78583.89000000001,117846.6629999999
741,741,52201.54199999997,117621.638,46238.395,78246.51099999994,115827.62599999995
742,742,51630.73599999995,117539.69099999993,45450.992000000006,78072.45700000002,116875.22900000002
743,743,53752.635999999926,121375.35400000005,46665.810999999965,79899.9500000001,120492.59799999995
744,744,51247.83199999998,119097.38599999995,47079.31299999997,79715.0140000001,117293.99700000008
745,745,53921.21800000004,121275.82500000006,47047.274999999994,79622.23100000001,119596.06800000003
746,746,51762.14500000001,119266.025,45943.902000000024,78780.70000000003,118069.75199999995
747,747,54547.56399999999,119734.80400000003,45775.11999999998,77994.85700000013,119467.81100000002
748,748,52602.66999999997,121155.07299999996,46978.872,79369.75299999992,119306.73899999994
749,749,53553.47799999996,121656.241,48165.65700000004,80969.51600000005,118538.29200000003
750,750,53246.59699999996,121703.92399999998,47796.530999999995,79915.51600000013,119194.73100000007
751,751,53371.15299999995,121223.39899999995,47992.101000000024,80310.11699999997,119431.22
752,752,55762.68899999999,123528.14200000018,47597.69500000007,80987.37199999994,122797.89199999995
753,753,51582.05699999997,117871.45799999991,45924.60499999998,78362.40399999986,116461.67199999999
754,754,56278.887999999955,124987.71400000021,48845.653999999995,81938.0629999999,123999.2469999999
755,755,53520.13299999994,122338.14899999992,48135.96199999997,80649.76600000018,120633.96700000003
756,756,52205.63600000002,120706.49900000011,46450.899000000034,79435.43999999994,118118.172
757,757,53132.35600000001,120260.17700000004,47187.77600000007,79209.20200000014,119092.18699999999
758,758,52810.81799999996,120147.91600000019,46670.583999999995,79117.83899999992,119010.83599999998
759,759,56896.897000000004,126767.14799999993,48051.66800000004,80574.03,125481.80099999996
760,760,52760.467000000026,118443.95400000009,46286.831000000006,77642.53299999992,116437.77999999988
761,761,55145.830000000045,124433.28699999998,49090.719000000005,82416.5219999999,122294.19499999998
762,762,53675.71799999994,119772.108,45617.31400000002,78752.26200000013,118858.41799999989
763,763,55982.146000000044,123862.5540000001,46605.59299999993,79726.82699999993,123527.32000000008
764,764,52464.993000000075,120913.85600000012,45682.05000000006,77853.44599999997,119762.12799999995
765,765,53258.97999999999,123652.70800000004,47275.754999999976,80217.487,121826.3569999999
766,766,52525.79799999999,117757.98300000005,45283.865000000056,77622.7800000001,115652.73399999991
767,767,54965.81200000003,124995.14500000009,48166.85000000004,81271.08599999995,122460.69399999999
768,768,50967.949,118337.46899999998,47435.10000000007,80288.30399999993,116292.89700000016
769,769,51739.22500000003,117866.16400000012,45557.01999999998,77965.41599999997,116277.74900000004
770,770,53626.96400000002,121455.01099999998,47465.469999999994,79525.37899999988,119790.42299999997
771,771,48890.93699999995,117342.3460000001,46911.566000000006,78964.37500000003,113952.64600000005
772,772,51754.60300000005,120776.76599999993,46675.21799999999,79511.04200000009,118785.83100000002
773,773,54211.798000000024,120848.58100000015,47321.719000000005,79691.53600000004,120001.49099999998
774,774,56815.457999999984,125009.78799999999,47803.09699999992,79754.63800000017,124725.19600000001
775,775,54281.08199999998,121117.907,46580.67400000002,79111.65600000009,121020.1200000002
776,776,50751.96299999997,118862.27500000002,46515.22699999997,79100.32599999997,117187.033
777,777,51747.11999999995,119097.07899999995,47066.52400000001,80253.88300000002,116990.06399999993
778,778,52069.38600000003,121308.69299999993,47359.75399999997,80085.27699999996,118883.71799999996
779,779,55731.11100000002,126048.99399999992,48596.65700000002,81183.38599999991,124475.7559999999
780,780,53480.03700000003,122294.20299999992,48012.845000000045,80627.85100000002,120272.55900000007
781,781,55357.43900000004,124541.05600000001,46556.09400000005,80094.16000000005,123693.06
782,782,53832.946,124199.7860000001,47474.24500000002,80898.73099999996,123456.13099999983
783,783,52625.22100000001,120896.76100000004,45826.288999999946,78655.93500000003,119628.19699999997
784,784,51479.57499999996,118926.82700000008,46452.50099999998,79167.9880000002,116912.85
785,785,53415.90800000001,121672.60199999996,46883.30399999997,79777.24000000003,120174.39299999998
786,786,53088.34199999998,119787.35499999995,46073.49400000001,78175.766,118313.175
787,787,54054.31999999999,120853.349,47057.598,80849.34599999998,119469.39299999997
788,788,54375.285999999986,123082.49199999997,47633.69499999998,79720.85600000012,121768.3270000001
789,789,53807.596999999914,118942.89800000007,45900.99700000006,77551.60800000007,117924.17900000009
790,790,53328.73299999998,119297.1269999999,47369.44700000002,79806.99000000002,117265.07999999999
791,791,53017.87900000002,120985.98699999992,47455.747999999934,79518.07600000007,119492.50400000003
792,792,52878.65699999998,120019.74999999996,46326.72999999997,79399.63100000014,118238.92300000001
793,793,52606.95899999989,119371.21499999991,46239.64900000006,78762.29499999995,118363.79099999997
794,794,51697.27400000005,116436.18699999996,44723.402999999926,77656.25499999992,115501.9600000001
795,795,52533.69500000007,119488.44900000007,47004.552000000025,77966.90999999999,118193.43000000002
796,796,49704.24500000004,115656.84500000013,45646.962,78416.45600000005,113187.79200000007
797,797,54774.325999999935,124749.19400000003,47689.837999999945,81169.94800000006,122815.55300000004
798,798,50397.19999999995,118018.38099999988,47201.59600000006,80352.39399999988,115328.21799999998
799,799,52100.05999999998,118150.25100000002,46223.472,78740.664,116339.32399999994
800,800,52746.72599999992,118380.29600000013,45420.350000000006,78436.83900000002,117954.09999999996
801,801,51592.835999999996,117905.8189999999,45437.16400000001,77861.3639999999,116820.44299999997
802,802,55181.176999999996,124379.95999999989,48616.94400000002,81293.91899999985,122516.90100000003
803,803,56547.95499999999,127454.97099999992,48947.02400000006,82542.98000000003,126177.03900000015
804,804,53007.81800000007,119379.598,46460.43499999999,79153.19900000001,117281.89400000003
805,805,53675.12300000004,120032.69400000008,47607.478999999985,79981.27300000003,118526.67599999999
806,806,52685.03499999999,119236.10399999995,46827.315999999984,79500.93099999997,117701.75799999984
807,807,54223.43899999998,119368.24599999996,46007.63399999996,78528.49099999986,118670.58500000005
808,808,53741.960999999996,119993.63099999998,46917.956,79700.44800000016,118358.98000000003
809,809,52331.91100000002,118599.97500000006,46412.181999999964,78743.35899999995,117166.15900000012
810,810,53083.41999999996,121110.6340000002,47805.399999999994,80228.36099999992,119880.402
811,811,52571.69900000004,120404.59800000003,46872.59500000002,79833.0999999999,119523.71900000008
812,812,52803.228,121858.43700000002,47150.943000000014,80312.312,120820.81900000006
813,813,54281.931,123819.29400000005,47407.457999999984,80440.28900000003,122962.86199999994
814,814,50964.748000000014,117549.8540000001,45196.86499999995,77773.20100000007,116297.11000000007
815,815,53509.96699999995,120475.493,47037.85899999995,78817.128,118833.72000000002
816,816,55408.89099999999,125161.80300000003,47955.96699999997,79565.87100000004,123251.75600000012
817,817,54037.662,121732.07799999979,47469.80600000002,79641.44500000007,120223.37199999987
818,818,52479.707,119582.36299999995,46329.11699999999,80022.48499999994,117888.00800000005
819,819,55408.71400000004,125282.89300000007,47424.27900000001,80085.91000000002,123997.22499999995
820,820,49553.579,117184.93500000003,46003.95999999995,78312.019,115468.69200000013
821,821,53601.869999999944,121463.755,46949.38300000004,79158.30699999997,120242.1789999999
822,822,56320.56500000006,125367.23900000013,48401.39299999998,81057.99999999997,124690.05600000004
823,823,53367.869000000006,119828.3240000002,46983.411999999924,78462.9740000001,117919.94199999986
824,824,53781.127,121359.41200000005,46794.721000000005,79121.288,119641.05999999994
825,825,52611.39299999995,120505.085,47985.45400000002,77928.6590000001,119331.88100000007
826,826,51735.693999999945,117464.16700000002,46284.61999999999,78083.47799999993,116044.73799999995
827,827,55431.006000000016,124916.18900000006,49238.81899999998,81911.1970000001,122106.15499999994
828,828,53211.791000000034,120139.18700000005,47193.58199999999,79091.51500000013,119452.03299999997
829,829,53113.909999999996,119899.40199999994,46556.754000000015,80386.30799999984,118890.549
830,830,58801.290000000015,128414.93400000004,49869.381999999976,82721.83199999995,128007.31100000005
831,831,53487.46,119882.96600000009,46871.86500000001,79068.0229999999,118604.16900000005
832,832,51291.86299999996,116678.74000000002,45963.866000000045,79206.552,115250.40500000013
833,833,54020.32199999996,122029.02599999991,47208.46199999996,79926.69899999998,120809.49699999999
834,834,52970.384,118415.71000000005,46564.798,79593.71000000004,117558.65300000006
835,835,55751.68999999998,123760.39299999992,48542.90899999996,81378.76300000005,122619.34600000008
836,836,53467.936000000016,122047.149,48722.45399999997,80838.45299999996,119964.5179999999
837,837,51572.29800000001,118808.81599999986,47084.08500000001,78838.76400000004,116756.40799999982
838,838,50715.21900000001,116725.68499999992,45998.696999999986,77792.92900000003,116018.54099999994
839,839,52452.735000000095,117679.37399999998,46072.02600000005,77922.96999999997,116780.73600000005
840,840,55790.395999999986,124198.94899999992,47943.06500000004,80372.44600000007,123141.58500000005
841,841,55397.45699999991,123942.87800000006,48661.45400000005,80882.75700000004,123275.04600000005
842,842,55709.664000000026,123271.02499999997,47598.46199999997,81111.22600000007,122555.99499999997
843,843,53351.812000000034,122511.85899999997,48319.47599999995,81687.26000000001,120952.02800000012
844,844,51451.029000000046,119038.34500000006,47365.35499999996,79770.22100000008,117688.87699999998
845,845,56312.09500000001,122664.33699999996,48377.46100000001,79690.88499999995,121190.70699999991
846,846,57428.109999999986,125774.66100000004,48176.298999999926,80562.28099999989,125602.18100000007
847,847,55589.728999999956,124847.09999999992,48803.436999999954,80664.83200000008,123891.69599999995
848,848,54108.241,120088.55599999991,47264.70699999999,79428.35000000006,119013.90099999997
849,849,52312.76699999998,118765.79299999999,46739.69999999999,79497.12000000005,116916.61899999998
850,850,54586.04300000003,122856.51399999986,47519.70499999998,80772.38299999999,122069.80500000002
851,851,52619.18200000003,118066.93999999997,46336.82600000004,79521.06199999993,116538.68199999991
852,852,53977.790999999976,121540.787,47628.10300000005,79523.26600000009,120121.33000000006
853,853,51541.53000000003,121225.783,47348.72900000005,79532.61099999993,119316.64599999995
854,854,53320.60499999994,119850.42800000006,47501.118000000075,80252.433,118271.68099999997
855,855,56603.91700000001,127623.72600000017,49404.013,81273.5409999999,127053.0720000001
856,856,56465.43900000005,127367.72900000002,49202.64599999992,82316.00000000006,126506.16499999989
857,857,51047.91600000004,115709.00800000007,45843.02599999994,77470.17799999993,114819.80799999998
858,858,52170.62199999999,118205.03299999998,45564.49800000003,78153.33400000002,116937.51599999995
859,859,54399.09799999998,124603.99299999991,49216.40600000002,82102.59400000001,122840.13099999996
860,860,52756.52300000005,120318.85800000002,46798.496999999996,79923.38199999997,118763.59799999994
861,861,54675.344000000034,124812.25400000006,48113.019,80976.99100000004,123764.1110000001
862,862,54337.96900000001,124178.26600000002,48503.02500000006,81900.82200000003,122395.21999999996
863,863,54985.09399999995,121739.34500000013,47008.75600000004,79086.6190000001,120956.40099999993
864,864,51056.06799999995,120878.86700000003,47172.662000000026,79474.59400000011,117529.99299999996
865,865,55285.23899999999,124485.44000000012,46945.804999999964,79728.47899999989,123120.8979999998
866,866,53146.413000000015,120731.31200000006,47239.30700000008,79339.53199999995,118032.80100000005
867,867,54489.08399999998,125079.3769999999,48411.676,81164.91499999996,122549.81999999983
868,868,54287.223,120285.09299999998,45960.08800000003,77931.42,119200.67799999988
869,869,53708.53099999995,123453.65399999986,47309.05200000001,79092.99400000002,122383.65200000003
870,870,50406.86800000005,119607.0009999999,46756.813999999955,78276.63899999995,116403.16599999997
871,871,53047.18100000004,121013.0649999999,46541.77400000001,78277.34199999996,119155.987
872,872,56570.33399999998,127315.63400000008,48525.05499999999,80306.78799999999,125585.95999999992
873,873,53136.74900000007,122466.36400000005,47827.11199999998,80294.8409999999,119505.85499999985
874,874,54186.893000000025,124086.48400000001,48251.436999999954,81985.39299999988,121760.00399999996
875,875,53498.27699999993,121659.64599999998,46821.794,78461.33300000014,119300.79299999989
876,876,53050.662000000004,122556.29000000002,46435.684999999976,80199.93000000007,120844.86699999994
877,877,52901.33099999996,120876.24699999993,45942.84500000002,78466.31500000002,119035.56700000001
878,878,54647.00999999999,122812.47499999998,47311.669,79618.39499999996,121147.93400000008
879,879,52439.54299999997,120525.51799999991,46327.57200000008,79345.46000000005,117868.53900000005
880,880,54017.792999999976,121708.49000000003,46358.758999999984,78863.06100000003,119725.82700000005
881,881,54658.94299999991,122949.89600000004,46540.47599999995,79183.98799999994,121689.11599999998
882,882,53810.30300000001,122589.01000000004,47554.54599999998,79624.48599999989,119798.19099999999
883,883,54056.70099999998,121952.80800000002,48100.05000000003,80100.84700000002,119852.18899999997
884,884,53458.555999999946,119722.68000000005,45638.39499999993,78486.84200000003,118503.74999999997
885,885,54972.50499999999,124357.05899999986,47039.7510000001,80611.53600000001,122587.18900000016
886,886,54053.838999999985,120470.46799999998,46322.453,79180.95500000002,118237.70100000002
887,887,56296.60099999997,126660.60400000005,49072.87700000003,81000.98499999997,124515.99300000007
888,888,55777.11400000001,125053.90399999994,47741.24300000003,80142.46500000017,122501.61299999998
889,889,52336.83700000001,119092.19399999994,45713.337000000014,77883.28599999989,115786.19299999997
890,890,55268.558999999994,124753.01000000001,48436.484,81402.29999999994,123048.1530000001
891,891,54791.92600000002,122732.55599999998,47214.39499999995,79821.22599999997,120807.62300000002
892,892,55774.6550000001,126364.69300000003,48106.015999999974,81946.05500000007,123695.00700000003
893,893,52853.27200000004,121515.742,47240.70599999998,79693.9200000001,117953.90800000008
894,894,52586.39899999998,120883.78100000008,46582.88700000003,78618.39799999994,118686.4290000001
895,895,56008.55799999997,125209.952,48686.748000000036,80656.63900000004,123049.63200000006
896,896,52417.105999999985,121162.84000000008,48599.956,79836.60400000006,117227.23199999996
897,897,51674.99,120923.32100000001,47679.695,80614.55499999996,117562.55000000009
898,898,54109.155000000086,125149.98399999997,47651.16199999995,80592.61300000003,122574.19099999988
899,899,50861.547999999966,117954.53299999997,45779.295999999944,78113.14800000006,115446.453
900,900,53831.35199999997,123242.12700000008,47682.88099999998,81116.50900000005,120864.26000000004
901,901,54125.66599999997,122985.94700000004,47351.90500000001,80286.68400000001,120402.09099999999
902,902,54746.74300000001,123587.14900000005,48001.18700000011,80575.36900000002,121011.74400000004
903,903,55319.36700000001,125279.83099999999,48131.30800000001,80539.92499999996,123390.56499999993
904,904,55855.61299999993,125528.75300000001,47938.049000000006,81959.42499999999,123780.63399999999
905,905,55675.47400000001,125368.95700000011,47523.28199999998,79383.99999999994,123074.72699999987
906,906,52766.51500000003,121081.27099999989,47342.492000000064,79427.64400000012,117828.35900000003
907,907,55912.09,128353.88400000003,47897.94399999998,81388.85499999982,126317.11900000005
908,908,56651.829999999965,127256.03500000002,49451.874999999985,81678.27400000012,125694.29800000016
909,909,54007.36399999999,122657.63999999993,48655.015999999996,81208.62699999995,119724.37300000007
910,910,55697.090999999986,123945.80400000005,47383.423,80613.641,121405.12299999998
911,911,50959.438999999984,118753.49300000005,45969.546999999955,78404.40500000001,115844.44399999993
912,912,51938.10600000002,121087.4270000001,46777.392000000036,79097.18900000003,117596.473
913,913,51046.43100000007,118452.78499999987,46046.37800000001,79079.00099999995,115573.66599999992
914,914,54820.984999999986,121801.07,45803.6440000001,78728.17499999986,120844.19500000014
915,915,53822.15100000002,125880.95499999993,48586.35699999993,80381.26900000009,123164.01699999993
916,916,54924.051,124573.76099999987,47767.343999999975,80407.87500000003,122019.90999999987
917,917,54783.788000000066,124039.69799999996,47876.535999999986,80243.94900000007,121953.91499999998
918,918,53828.87699999999,124384.64599999983,48256.83699999997,81646.76899999991,121376.22700000016
919,919,51407.994000000006,118446.20999999995,46261.36800000003,79092.94400000003,116108.39700000001
920,920,55187.63400000005,125724.45199999995,48129.188000000046,81367.40399999995,122368.64300000008
921,921,53074.764,121094.61199999996,46793.318999999996,80478.54599999999,118496.25900000012
922,922,52447.97,122074.70699999997,47829.89899999998,79833.09899999997,120069.15000000002
923,923,54542.122999999985,123504.38199999998,47564.03299999998,79524.17599999996,122047.78600000011
924,924,53082.307,123359.42399999998,49814.98900000002,80379.29099999991,120890.56700000008
925,925,49977.06500000002,116724.09499999994,46478.78499999998,77818.27300000006,114171.293
926,926,53754.282000000014,121067.91599999994,47323.131999999976,79760.95699999998,118491.39299999982
927,927,52661.659000000014,121133.85599999985,47905.62200000005,80472.36900000008,117948.34299999994
928,928,52374.35200000002,117743.42800000015,46046.73000000004,78941.637,115164.37000000013
929,929,54244.136000000064,121998.93299999996,47990.98899999999,79480.54699999996,119680.27199999998
930,930,51717.80400000002,118411.5999999999,45665.377000000044,78220.9140000001,116599.73300000002
931,931,55676.066000000035,126248.99999999993,49596.90499999996,82363.399,123209.73399999998
932,932,54345.873999999945,124974.03099999996,48214.762000000046,80359.94099999999,122743.58299999982
933,933,54741.38100000004,123633.84699999997,47681.541000000005,80056.01099999984,122057.129
934,934,54369.38300000005,122661.316,47071.49900000007,79073.14100000005,120320.73999999993
935,935,56391.43399999999,124343.95800000014,46673.403000000035,79896.225,123208.56200000005
936,936,53534.909000000036,122695.89399999997,47544.99000000008,80065.71799999988,120387.85900000005
937,937,53996.407000000036,122109.2589999999,46488.40099999997,79109.13900000007,120459.02699999997
938,938,55049.39300000002,124457.88300000006,47328.482000000025,80560.49399999995,122747.43699999992
939,939,53747.81399999999,124315.18699999995,47598.774000000034,80755.95700000017,121875.69899999988
940,940,53752.81700000006,121524.54300000008,46600.68899999996,79088.01000000001,119185.32699999995
941,941,56340.20299999999,126904.15999999999,49207.54199999994,81244.71799999994,124668.43599999996
942,942,52361.49299999997,118961.9989999999,45931.864000000016,78900.48099999994,117023.17800000004
943,943,52779.18300000007,120298.50900000006,46681.57799999997,79071.40900000003,118926.73300000002
944,944,54638.97800000001,124778.17100000015,47553.06300000002,80046.47199999998,121991.98900000005
945,945,52986.04699999998,121528.72699999982,46752.839,79988.62599999995,119299.61200000005
946,946,54074.27799999992,122573.67400000004,46261.06400000003,78828.36199999995,121246.06899999997
947,947,54020.49599999995,121355.72899999998,46355.975000000006,79159.57699999996,119676.18199999994
948,948,54733.542000000016,125069.37899999996,49169.709999999955,81568.24800000007,121881.57999999987
949,949,55207.623999999996,121703.25000000009,47389.89900000001,79552.04900000003,119594.76399999998
950,950,51922.515999999996,119928.70200000003,46516.637000000046,79240.64700000001,117466.13899999998
951,951,52633.32699999998,123842.13100000001,48111.169000000016,81432.82999999986,119724.97199999989
952,952,54372.636999999966,123036.17200000002,46013.805999999924,79236.76800000005,121311.08200000014
953,953,55208.88199999991,126436.83699999997,47194.19,80432.01100000001,125130.66199999995
954,954,55334.78499999999,126338.56799999991,48643.00000000006,80640.97099999996,124286.41500000011
955,955,56389.90100000007,128112.37800000016,49206.72900000001,80494.51400000004,126146.50399999997
956,956,53502.092999999986,122871.47300000001,47064.19900000003,79715.40699999992,120572.5310000001
957,957,54172.89299999997,123731.03500000006,47293.295,79934.12499999997,121823.84900000007
958,958,55660.46499999999,125825.51999999997,47138.71399999999,80191.45500000006,124364.87400000004
959,959,53796.748999999974,124365.3429999999,46940.702000000085,80309.95200000002,122060.4410000001
960,960,53729.690999999984,122093.66500000011,47554.78899999993,79664.32299999996,119432.47999999986
961,961,54432.62899999999,124976.43100000004,48477.495999999985,80947.00400000002,122093.10899999997
962,962,54368.31300000003,123880.86499999992,48573.04000000002,81466.09300000005,120942.29599999991
963,963,54212.85700000001,123291.34900000003,47977.00900000001,80326.09600000009,120945.84800000009
964,964,53239.26900000003,122430.75799999991,47249.74300000004,80052.54399999986,120218.11499999999
965,965,52366.12600000001,120295.0210000001,46096.09799999998,78761.503,119189.43799999998
966,966,52943.817,122728.38499999992,46451.96200000001,79610.50299999988,120875.88700000005
967,967,51078.35300000002,119895.84799999997,46122.087,78992.57699999993,117497.21199999996
968,968,52101.260000000024,118698.37299999996,46201.97799999998,78641.12700000007,116254.54699999995
969,969,53585.664999999986,120654.93800000002,45942.201999999954,78425.35800000004,119031.31200000006
970,970,53500.49000000011,123267.46600000004,48456.98100000003,80309.92299999998,120373.17499999997
971,971,54411.72800000001,122752.09599999995,47868.53400000001,80150.45899999992,120953.64399999991
972,972,52836.080000000045,120918.15299999995,48206.27400000001,80520.36299999984,117736.46699999995
973,973,54491.37799999997,122466.50200000004,48118.20399999998,81374.13399999996,119842.86699999997
974,974,51030.417000000045,119282.24999999987,46768.49800000001,80611.80400000002,116042.89300000007
975,975,54043.224,122669.20999999998,46417.72099999999,78902.37099999988,121188.08000000012
976,976,53978.40599999996,121559.59900000015,47201.88100000001,80182.23900000007,119051.0730000001
977,977,52187.78099999998,123283.5680000001,48114.11699999995,80408.96999999991,120515.02900000002
978,978,52952.09699999998,122314.31499999978,47432.726999999984,80238.84,119289.9259999999
979,979,57649.29199999999,127062.13999999997,48548.09300000005,80355.24700000002,125824.04900000004
980,980,55270.67099999997,123338.03099999994,48441.63000000004,80805.18600000005,121518.38500000004
981,981,53723.66999999997,123026.75800000009,48366.29199999996,79561.3170000001,120465.87599999999
982,982,51228.63000000002,117713.97200000005,45069.12699999997,78124.60900000004,115056.95999999986
983,983,52552.371999999974,120200.5699999999,46413.61799999996,79715.59700000004,117291.68200000003
984,984,54015.48200000001,122076.53799999996,47094.024999999994,79294.58099999995,119786.41200000005
985,985,55860.58499999997,126838.31000000003,48026.46599999993,81246.819,124806.689
986,986,55381.99800000006,124534.10300000002,48527.88900000001,80508.93200000002,122468.75499999999
987,987,54116.115,122102.39900000005,47081.28999999998,79219.30800000002,119967.2889999999
988,988,53311.43499999999,122575.01699999999,48368.52500000003,82308.59699999995,119314.0510000001
989,989,50140.02499999999,116983.076,46678.81000000001,78546.55099999998,113409.43300000002
990,990,55191.15400000001,125400.69800000013,48179.62600000008,80960.28200000021,124497.94399999996
991,991,56701.834000000024,127577.46200000004,49179.621000000014,81391.96600000007,125954.87399999988
992,992,54721.35499999999,123939.82399999998,47194.14499999993,79995.55799999992,121358.48000000004
993,993,55105.67100000005,128274.121,49492.19499999999,81548.3719999999,125739.21099999997
994,994,54021.42400000009,124034.4489999999,47925.93100000008,81223.00899999999,121762.384
995,995,53016.346999999994,120997.52199999998,46944.01099999996,79414.30199999995,118094.74199999993
996,996,51412.26499999997,120949.34500000003,46427.16600000004,78693.184,119021.47199999989
997,997,52212.610000000015,121204.3449999998,46677.53899999999,79321.23399999997,118683.72599999991
998,998,51941.17800000003,120779.48900000003,46930.97699999997,79256.44400000006,118001.94700000004
999,999,52559.83799999994,121485.709,46374.49800000002,78808.947,119386.69199999995
